,Date,Sentiment
0,4/13/2017,0.9668646047685266
1,4/12/2017,0.6497172401765937
2,4/11/2017,0.819999413709445
3,4/10/2017,0.8236571270553267
4,4/7/2017,0.8306179448407641
5,4/6/2017,0.6631966714968843
6,4/5/2017,1.0875590711095198
7,4/4/2017,0.27831444375156433
8,4/3/2017,0.8979613551765891
9,3/31/2017,0.5755180348703895
10,3/30/2017,0.7688262092113465
11,3/29/2017,0.809343450112598
12,3/28/2017,0.47888347761436684
13,3/27/2017,0.5604788379538755
14,3/24/2017,0.6481244372818306
15,3/23/2017,0.8547317984687122
16,3/22/2017,0.5452596324776631
17,3/21/2017,0.6368188247895816
18,3/20/2017,0.6444016673167576
19,3/17/2017,0.7827758739152761
20,3/16/2017,0.8118730315467095
21,3/15/2017,0.8960175213061281
22,3/14/2017,0.7912364582763179
23,3/13/2017,0.6376416372771101
24,3/10/2017,0.7303277353419972
25,3/9/2017,0.660956987668839
26,3/8/2017,0.9567346898116763
27,3/7/2017,0.7843734143654587
28,3/6/2017,0.7204159139487945
29,3/3/2017,0.6204424801042336
30,3/2/2017,0.6974517088104608
31,3/1/2017,0.887222190953078
32,2/28/2017,0.38278600293054105
33,2/27/2017,0.5879193171823973
34,2/24/2017,0.5164250909271089
35,2/23/2017,0.982754655980769
36,2/22/2017,0.5728640139443134
37,2/21/2017,0.6861063378707313
38,2/17/2017,0.5757461124840969
39,2/16/2017,0.5916525925868832
40,2/15/2017,0.7173226074699547
41,2/14/2017,0.9957321278594712
42,2/13/2017,0.7230159407454507
43,2/10/2017,0.8630348659015091
44,2/9/2017,0.58461959885898
45,2/8/2017,0.5663147132767238
46,2/7/2017,0.6563436993657882
47,2/6/2017,0.7337354771191456
48,2/3/2017,0.8898455929041084
49,2/2/2017,0.546186242969587
50,2/1/2017,0.6561150026742103
51,1/31/2017,0.8018908516982723
52,1/30/2017,0.6359486076352259
53,1/27/2017,0.8250550784916583
54,1/26/2017,0.8509036669040746
55,1/25/2017,0.6718661207497766
56,1/24/2017,0.6881091049637553
57,1/23/2017,-0.014301232291396638
58,1/20/2017,0.7221347837909627
59,1/19/2017,0.08693124843455047
60,1/18/2017,0.4648838931643226
61,1/17/2017,0.943412932049086
62,1/13/2017,0.5369494955924934
63,1/12/2017,0.5996281541022964
64,1/11/2017,0.8623924100406144
65,1/10/2017,0.8354336983085361
66,1/9/2017,0.4849787233962754
67,1/6/2017,0.8328204676924813
68,1/5/2017,0.30771424751326903
69,1/4/2017,0.6120101954103813
70,1/3/2017,0.7361790826697231
71,12/30/2016,0.5088364011759957
72,12/29/2016,0.49839004428386724
73,12/28/2016,0.2497990995371348
74,12/27/2016,0.5083592332009826
75,12/23/2016,1.19795924849187
76,12/22/2016,0.8601325481357134
77,12/21/2016,0.639106848437295
78,12/20/2016,0.7786662716201008
79,12/19/2016,0.46878094842714574
80,12/16/2016,0.6884050413903591
81,12/15/2016,0.7956770708525926
82,12/14/2016,0.9697199853374592
83,12/13/2016,0.571231927305264
84,12/12/2016,0.4519252310615741
85,12/9/2016,0.9268515505747659
86,12/8/2016,0.49888291821597364
87,12/7/2016,0.5779813962099274
88,12/6/2016,0.8640304630144362
89,12/5/2016,0.5350564149477511
90,12/2/2016,0.5731389410123129
91,12/1/2016,0.5647334653969033
92,11/30/2016,0.5207586334277827
93,11/29/2016,0.630940916650327
94,11/28/2016,0.5944978881405761
95,11/25/2016,0.623807906286243
96,11/23/2016,0.6644604444858023
97,11/22/2016,0.8509651508026791
98,11/21/2016,0.5390883416434225
99,11/18/2016,0.4538063793686201
100,11/17/2016,0.7477544329164935
101,11/16/2016,0.41284138553436467
102,11/15/2016,0.6537944250691209
103,11/14/2016,0.33680271273685997
104,11/11/2016,0.9236394239829212
105,11/10/2016,0.8631196095495427
106,11/9/2016,0.9173058062917334
107,11/8/2016,0.389665119961272
108,11/7/2016,0.5277395211197754
109,11/4/2016,0.7956302968139404
110,11/3/2016,0.7136983499013901
111,11/2/2016,0.5925015482645809
112,11/1/2016,0.6514359227769303
113,10/31/2016,0.36161565896605563
114,10/28/2016,0.49851306395819006
115,10/27/2016,0.588966415069049
116,10/26/2016,0.7699199053514251
117,10/25/2016,0.579046471893726
118,10/24/2016,0.5060664258982527
119,10/21/2016,0.5777698389879418
120,10/20/2016,0.4682357906007287
121,10/19/2016,0.7291965711168108
122,10/18/2016,0.8569553735883512
123,10/17/2016,0.6938353697550831
124,10/14/2016,0.5562110636975559
125,10/13/2016,0.6786489333618182
126,10/12/2016,0.49230868060750627
127,10/11/2016,0.302760846076288
128,10/10/2016,0.5208266572186938
129,10/7/2016,1.0613899282279797
130,10/6/2016,0.3565430929523633
131,10/5/2016,0.605746648693715
132,10/4/2016,0.4032170674005332
133,10/3/2016,0.5075010115948114
134,9/30/2016,0.211901330715297
135,9/29/2016,0.7537242413426275
136,9/28/2016,0.6072139278435678
137,9/27/2016,0.731963217287461
138,9/26/2016,0.8888881356910932
139,9/23/2016,0.7474994743128532
140,9/22/2016,0.7128699114304916
141,9/21/2016,0.6592660383729257
142,9/20/2016,0.6395620173250199
143,9/19/2016,0.7715965582718952
144,9/16/2016,0.7639081349501461
145,9/15/2016,0.359035568600904
146,9/14/2016,0.6213900399985659
147,9/13/2016,0.575575286573115
148,9/12/2016,0.7477236373380286
149,9/9/2016,0.4863193820445747
150,9/8/2016,0.857404775116204
151,9/7/2016,0.7506533017489567
152,9/6/2016,0.785650611498372
153,9/2/2016,0.7288136241202763
154,9/1/2016,0.483507411814421
155,8/31/2016,0.30457590807060897
156,8/30/2016,0.528419112082881
157,8/29/2016,0.4765296455265235
158,8/26/2016,0.8243020952924577
159,8/25/2016,0.6302943038301616
160,8/24/2016,0.41776510612396445
161,8/23/2016,0.7523495442864349
162,8/22/2016,0.645920817933587
163,8/19/2016,0.18141001841777527
164,8/18/2016,0.4658809463416051
165,8/17/2016,0.7946303664099106
166,8/16/2016,0.6961792051560726
167,8/15/2016,0.5866348447004981
168,8/12/2016,0.826008203870008
169,8/11/2016,0.5993691659979539
170,8/10/2016,0.7228672518446805
171,8/9/2016,0.6683801431928305
172,8/8/2016,0.5762836672152
173,8/5/2016,0.5092714088590649
174,8/4/2016,0.4361823646575934
175,8/3/2016,0.9194854914184676
176,8/2/2016,0.6940849582010898
177,8/1/2016,0.35325448152775946
178,7/29/2016,0.25597597436724123
179,7/28/2016,0.830651562286493
180,7/27/2016,0.39091459659359873
181,7/26/2016,0.4771049388098339
182,7/25/2016,0.8771422495173243
183,7/22/2016,0.2432132245840243
184,7/21/2016,0.4711566393544866
185,7/20/2016,0.4889876346153001
186,7/19/2016,0.4959270946258305
187,7/18/2016,0.21829606638112592
188,7/15/2016,0.736919983867878
189,7/14/2016,0.6943031248586808
190,7/13/2016,0.311608953841057
191,7/12/2016,0.4601787220580228
192,7/11/2016,0.6745410836659061
193,7/8/2016,0.7155053082820431
194,7/7/2016,0.6512152727010609
195,7/6/2016,0.6195349592761242
196,7/5/2016,0.6779810699718258
197,7/1/2016,0.5026793081877824
198,6/30/2016,0.328134499627485
199,6/29/2016,0.824152954503111
200,6/28/2016,0.8884860837274158
201,6/27/2016,0.539567490738317
202,6/24/2016,0.4312404520331998
203,6/23/2016,0.3317183868008031
204,6/22/2016,0.27165401252247284
205,6/21/2016,0.43839877116557036
206,6/20/2016,0.7066750996522246
207,6/17/2016,0.340275696080338
208,6/16/2016,0.3832730155786391
209,6/15/2016,0.16369316703263928
210,6/14/2016,0.6700265117477369
211,6/13/2016,0.7704951195291015
212,6/10/2016,0.5764235014183288
213,6/9/2016,0.2994016795522326
214,6/8/2016,0.6119462530152007
215,6/7/2016,0.6109880750818482
216,6/6/2016,0.6699460919151026
217,6/3/2016,0.41234581891867067
218,6/2/2016,0.6990272005132224
219,6/1/2016,0.4503716275853458
220,5/31/2016,0.723696911876487
221,5/27/2016,0.34314187783544464
222,5/26/2016,0.573812373511868
223,5/25/2016,0.3746240093328528
224,5/24/2016,0.4811908737576559
225,5/23/2016,0.45682482555049564
226,5/20/2016,0.38492656177421436
227,5/19/2016,0.40233708759291753
228,5/18/2016,0.395195905891513
229,5/17/2016,0.38476475562816165
230,5/16/2016,0.4764657007883576
231,5/13/2016,0.34782801411052006
232,5/12/2016,0.46701908977072254
233,5/11/2016,0.7107881358452338
234,5/10/2016,0.7973732244448757
235,5/9/2016,0.6843471889974972
236,5/6/2016,0.5477686986649719
237,5/5/2016,0.36166885306088953
238,5/4/2016,0.7779294962127635
239,5/3/2016,0.34637712927996084
240,5/2/2016,0.768616396511018
241,4/29/2016,0.5938775857515234
242,4/28/2016,0.4119899478507313
243,4/27/2016,0.3477927330007297
244,4/26/2016,0.36302412237739023
245,4/25/2016,0.5354847831192845
246,4/22/2016,0.6320327177925958
247,4/21/2016,0.5819273004109916
248,4/20/2016,0.7263797773231129
249,4/19/2016,0.5747639672047442
250,4/18/2016,0.18865327719199004
251,4/15/2016,0.5828183980785016
252,4/14/2016,0.6848204494616973
253,4/13/2016,0.615261850038854
254,4/12/2016,0.6858653258510283
255,4/11/2016,0.5146676111611704
256,4/8/2016,0.3028341523839296
257,4/7/2016,0.2672357664305243
258,4/6/2016,0.6083832291287053
259,4/5/2016,0.659647315973933
260,4/4/2016,0.6203766820792767
261,4/1/2016,0.40659906112601935
262,3/31/2016,0.567330555522659
263,3/30/2016,0.7166456148286454
264,3/29/2016,0.6261110647752952
265,3/28/2016,0.6993802986826109
266,3/24/2016,0.8630872813134094
267,3/23/2016,0.7234558899323741
268,3/22/2016,0.4500223211676821
269,3/21/2016,0.69166758241252
270,3/18/2016,0.6670532028773262
271,3/17/2016,0.7608396324163946
272,3/16/2016,0.6704750238617223
273,3/15/2016,0.6283294996729581
274,3/14/2016,0.973239337542282
275,3/11/2016,0.40992874005422664
276,3/10/2016,0.5457027976001212
277,3/9/2016,0.7535395781892784
278,3/8/2016,0.5090752712186916
279,3/7/2016,0.49476071627344964
280,3/4/2016,0.6756835580696368
281,3/3/2016,0.36184409505178455
282,3/2/2016,0.5335418183821452
283,3/1/2016,0.48248596282962736
284,2/29/2016,0.3138931087480294
285,2/26/2016,0.715857844528155
286,2/25/2016,0.9639503450787712
287,2/24/2016,0.8150369102958932
288,2/23/2016,0.687005104844561
289,2/22/2016,0.5929807456473175
290,2/19/2016,0.6702433847818631
291,2/18/2016,0.37162697158979013
292,2/17/2016,0.5617537421315043
293,2/16/2016,0.3536472832178397
294,2/12/2016,0.4199044967837062
295,2/11/2016,0.4932351257364074
296,2/10/2016,0.6144305497799302
297,2/9/2016,0.6731440633614092
298,2/8/2016,0.49977895013228324
299,2/5/2016,0.5636905768471764
300,2/4/2016,0.40528826776528876
301,2/3/2016,0.401278446133817
302,2/2/2016,0.19684661906246823
303,2/1/2016,0.5973357112048009
304,1/29/2016,0.7273455664256393
305,1/28/2016,0.3037323209397361
306,1/27/2016,0.5102476765021795
307,1/26/2016,0.28813871793502743
308,1/25/2016,0.4245801341690077
309,1/22/2016,0.34457702334272067
310,1/21/2016,0.6029952077545728
311,1/20/2016,0.6484061738555982
312,1/19/2016,0.3499626281086914
313,1/15/2016,0.6121466217075786
314,1/14/2016,0.5218244153840776
315,1/13/2016,0.4421745413533794
316,1/12/2016,0.47819044642566766
317,1/11/2016,0.37053840304832614
318,1/8/2016,0.7937675299661269
319,1/7/2016,0.5079251424290927
320,1/6/2016,0.387627527696281
321,1/5/2016,0.7375122870070635
322,1/4/2016,0.5070083755919518
323,12/31/2015,0.4172524651737261
324,12/30/2015,0.5309882928091612
325,12/29/2015,0.6812141015733827
326,12/28/2015,0.7780859271116106
327,12/24/2015,0.8757365031457003
328,12/23/2015,0.6109384318056778
329,12/22/2015,0.4369812827582304
330,12/21/2015,0.6276901964044601
331,12/18/2015,0.7892391580185117
332,12/17/2015,0.6629206220983395
333,12/16/2015,0.5630836382799684
334,12/15/2015,0.5084331486749072
335,12/14/2015,0.6135750301242108
336,12/11/2015,0.7990754172912559
337,12/10/2015,0.2416124466723937
338,12/9/2015,0.4723308208309489
339,12/8/2015,0.43801602020195246
340,12/7/2015,0.452294162174688
341,12/4/2015,0.4400679284897745
342,12/3/2015,0.5149085046171481
343,12/2/2015,0.6099063420871248
344,12/1/2015,0.5387755174687706
345,11/30/2015,0.6830410708753046
346,11/27/2015,0.3021721415383539
347,11/25/2015,0.6091229545775336
348,11/24/2015,0.5267713303651835
349,11/23/2015,0.7068856567023116
350,11/20/2015,0.7542367768675636
351,11/19/2015,0.4549063085968776
352,11/18/2015,0.6717560324705791
353,11/17/2015,0.8384768411950589
354,11/16/2015,0.5552813180564925
355,11/13/2015,0.584242628729589
356,11/12/2015,0.6159513371957834
357,11/11/2015,0.4683470974145324
358,11/10/2015,0.829050418092265
359,11/9/2015,0.40332033041995385
360,11/6/2015,0.9393922298665962
361,11/5/2015,0.6817599681594217
362,11/4/2015,0.5775721595542107
363,11/3/2015,0.6293268717857684
364,11/2/2015,0.5500370243658042
365,10/30/2015,0.6916743282087879
366,10/29/2015,0.44860129946551464
367,10/28/2015,0.3798323727422302
368,10/27/2015,0.6920925575368504
369,10/26/2015,0.42036009851483497
370,10/23/2015,0.6031165024090684
371,10/22/2015,0.7991750194169766
372,10/21/2015,0.6467296269934542
373,10/20/2015,0.5411730966195389
374,10/19/2015,0.3732945300354608
375,10/16/2015,1.0104412596364285
376,10/15/2015,0.5657167448622752
377,10/14/2015,0.6141220006854698
378,10/13/2015,0.4921411027482617
379,10/12/2015,0.561895577394121
380,10/9/2015,0.9389550240642407
381,10/8/2015,0.5299531114713386
382,10/7/2015,0.5041271854311279
383,10/6/2015,0.34166646335354384
384,10/5/2015,0.5152580835944389
385,10/2/2015,0.6533839858550208
386,10/1/2015,0.8790689383352698
387,9/30/2015,0.7081096075979647
388,9/29/2015,0.8749141218712676
389,9/28/2015,0.5770458084883258
390,9/25/2015,-0.06024192481530412
391,9/24/2015,0.28987303283603816
392,9/23/2015,0.9277889019265375
393,9/22/2015,0.3868723669362926
394,9/21/2015,0.273309577709684
395,9/18/2015,0.5135754198607027
396,9/17/2015,0.7168660080426854
397,9/16/2015,0.6680137490838031
398,9/15/2015,0.5319649420752577
399,9/14/2015,0.6742867774524921
400,9/11/2015,0.9337650440657199
401,9/10/2015,0.5667984301352489
402,9/9/2015,0.40523069734071493
403,9/8/2015,0.1957347704232076
404,9/4/2015,0.09714330820371889
405,9/3/2015,0.7758650377850869
406,9/2/2015,0.3404052361643411
407,9/1/2015,0.510214773838792
408,8/31/2015,0.996279663374177
409,8/28/2015,0.746362942569301
410,8/27/2015,0.42592922096735947
411,8/26/2015,0.9021530715392408
412,8/25/2015,0.41432281884144573
413,8/24/2015,0.1986842867078164
414,8/21/2015,0.30257385011717663
415,8/20/2015,0.8009891578216047
416,8/19/2015,0.49343634241214246
417,8/18/2015,0.5937582105274324
418,8/17/2015,0.5175810726025962
419,8/14/2015,0.5951279998425818
420,8/13/2015,0.8830517035152021
421,8/12/2015,0.6011666490064563
422,8/11/2015,0.40928993804566416
423,8/10/2015,0.829454727854942
424,8/7/2015,0.36266827008243036
425,8/6/2015,0.7256893660410625
426,8/5/2015,0.5325423435335759
427,8/4/2015,0.5085594646512791
428,8/3/2015,0.48253242369880645
429,7/31/2015,0.03385147126994878
430,7/30/2015,0.5778913343230556
431,7/29/2015,0.2701020388709689
432,7/28/2015,0.41216381988782336
433,7/27/2015,0.47774777150746806
434,7/24/2015,0.06903850311558432
435,7/23/2015,0.7876627050772473
436,7/22/2015,0.37501666477454854
437,7/21/2015,0.6498477947561114
438,7/20/2015,0.76952130607803
439,7/17/2015,0.1469140576003257
440,7/16/2015,0.658568367807814
441,7/15/2015,0.3904343888868736
442,7/14/2015,0.1932024033727527
443,7/13/2015,0.9600968726395708
444,7/10/2015,0.7251819049865877
445,7/9/2015,0.45333902051049657
446,7/8/2015,0.5516876193981557
447,7/7/2015,0.26405076018984114
448,7/6/2015,0.6897658507166604
449,7/2/2015,0.44314991540512033
450,7/1/2015,0.3838919730965183
451,6/30/2015,0.5250672379186558
452,6/29/2015,0.16686978858366774
453,6/26/2015,0.5081714325785507
454,6/25/2015,0.6100298226898477
455,6/24/2015,0.42589882052509676
456,6/23/2015,0.3171165047245605
457,6/22/2015,0.8230711519789471
458,6/19/2015,0.23985987551935642
459,6/18/2015,0.8204997498972231
460,6/17/2015,0.6914666737150132
461,6/16/2015,0.6017322359178102
462,6/15/2015,0.8398540568255579
463,6/12/2015,0.4498436504422707
464,6/11/2015,0.8173602317061913
465,6/10/2015,0.30705653113514103
466,6/9/2015,0.48095079028894777
467,6/8/2015,0.4509613240741804
468,6/5/2015,0.5557089452403748
469,6/4/2015,0.4896196433256847
470,6/3/2015,0.37583682973671295
471,6/2/2015,0.6820376112340284
472,6/1/2015,0.8120703763228648
473,5/29/2015,0.5781498147134498
474,5/28/2015,0.5920656888869623
475,5/27/2015,0.6310269774433143
476,5/26/2015,0.5896956399716607
477,5/22/2015,0.5295041169310594
478,5/21/2015,0.7020044324740916
479,5/20/2015,0.3868580707853759
480,5/19/2015,0.31367627571310314
481,5/18/2015,0.6631893132304596
482,5/15/2015,0.6171105590440956
483,5/14/2015,0.5944991571243954
484,5/13/2015,0.3987224352698838
485,5/12/2015,0.520002369864383
486,5/11/2015,0.29409236869142635
487,5/8/2015,0.7344230622134843
488,5/7/2015,0.9684679474899456
489,5/6/2015,0.30461242780988956
490,5/5/2015,0.6779368034677498
491,5/4/2015,0.5371375936379487
492,5/1/2015,0.9394556419800089
493,4/30/2015,0.4153560262798322
494,4/29/2015,0.5837171292102382
495,4/28/2015,0.42008807362110834
496,4/27/2015,0.48819849847975105
497,4/24/2015,0.5931641517669768
498,4/23/2015,0.437119889478015
499,4/22/2015,0.5926018864486806
500,4/21/2015,0.7240038014487261
501,4/20/2015,0.5839918536544884
502,4/17/2015,0.6754776306765558
503,4/16/2015,0.15171425805564173
504,4/15/2015,0.4615837537701486
505,4/14/2015,0.33430333984856503
506,4/13/2015,0.8490380402545229
507,4/10/2015,0.8362807704392886
508,4/9/2015,0.3463679551781823
509,4/8/2015,0.5762130931508436
510,4/7/2015,0.5920000265039284
511,4/6/2015,0.7529318831636364
512,4/2/2015,0.36477478260813845
513,4/1/2015,0.47192639118329
514,3/31/2015,0.09456537014044814
515,3/30/2015,0.612629570727011
516,3/27/2015,0.10610644280273708
517,3/26/2015,0.6461955363123494
518,3/25/2015,0.5336957548881368
519,3/24/2015,0.3271962251713042
520,3/23/2015,0.2425873477931024
521,3/20/2015,0.5448180228342968
522,3/19/2015,0.6766886578174568
523,3/18/2015,0.8610254203870167
524,3/17/2015,0.3113540890992181
525,3/16/2015,0.5098748907064243
526,3/13/2015,0.27264539728497106
527,3/12/2015,0.38311687000121697
528,3/11/2015,0.6364265822805423
529,3/10/2015,0.4352591527570287
530,3/9/2015,0.35871303586462366
531,3/6/2015,0.5062482472580869
532,3/5/2015,0.7028773426493748
533,3/4/2015,0.930453066798625
534,3/3/2015,0.15648432725991088
535,3/2/2015,0.5724121192365961
536,2/27/2015,-0.043026718846288114
537,2/26/2015,0.42749834034696466
538,2/25/2015,0.3930115408148257
539,2/24/2015,0.5936251301104523
540,2/23/2015,0.35910801943510495
541,2/20/2015,0.5778587588292022
542,2/19/2015,0.23156693878771628
543,2/18/2015,0.19900487953676754
544,2/17/2015,0.40234741383353967
545,2/13/2015,0.040127963959263734
546,2/12/2015,0.35271343540886485
547,2/11/2015,0.3130148256441971
548,2/10/2015,0.3614894409711709
549,2/9/2015,0.5404299947034057
550,2/6/2015,0.4738368810983273
551,2/5/2015,0.49395733702971123
552,2/4/2015,0.47599495836964845
553,2/3/2015,0.45824905688661954
554,2/2/2015,0.3610822366223846
555,1/30/2015,0.7085676981156485
556,1/29/2015,0.5108401180691752
557,1/28/2015,0.7017286306247748
558,1/27/2015,0.45655733380118646
559,1/26/2015,0.829540828611113
560,1/23/2015,0.7642336263367547
561,1/22/2015,0.5468817202338716
562,1/21/2015,0.2883668168624335
563,1/20/2015,0.4943184770712333
564,1/16/2015,0.4704159945573059
565,1/15/2015,0.5794709443877655
566,1/14/2015,0.5026997701900314
567,1/13/2015,0.7067128947714352
568,1/12/2015,0.46635349987453945
569,1/9/2015,0.1495410214127225
570,1/8/2015,0.4710597127739983
571,1/7/2015,0.5555659905947953
572,1/6/2015,0.04807456780495712
573,1/5/2015,0.5000050316778368
574,1/2/2015,0.2330173728928395
575,12/31/2014,1.0168532482336
576,12/30/2014,0.9952646473144241
577,12/29/2014,0.7126730457874516
578,12/26/2014,0.8248776216377165
579,12/24/2014,1.0754606257044663
580,12/23/2014,0.8050950062203223
581,12/22/2014,0.5036558087154153
582,12/19/2014,0.8590730808407079
583,12/18/2014,0.8553364286536228
584,12/17/2014,0.8378581600451316
585,12/16/2014,0.49302009379264544
586,12/15/2014,0.5556181644445124
587,12/12/2014,0.7045569346006431
588,12/11/2014,0.3926525196268563
589,12/10/2014,0.8643564296761934
590,12/9/2014,0.4930910033509985
591,12/8/2014,0.5496337049189111
592,12/5/2014,0.9478773142572835
593,12/4/2014,0.8435616988820153
594,12/3/2014,0.45834706332675945
595,12/2/2014,0.40636852689088865
596,12/1/2014,0.23291951693237897
597,11/28/2014,0.35583459478364193
598,11/26/2014,0.8187446545897744
599,11/25/2014,0.5405979755051031
600,11/24/2014,0.8236611157254029
601,11/21/2014,0.7819689232145726
602,11/20/2014,0.9771267160574998
603,11/19/2014,0.2137381816416044
604,11/18/2014,0.3301016311321034
605,11/17/2014,1.0398708634693414
606,11/14/2014,0.43152224962698754
607,11/13/2014,0.3529076058884298
608,11/12/2014,0.5056283536921451
609,11/11/2014,0.32583372608909583
610,11/10/2014,0.5814175152968398
611,11/7/2014,0.8071648987420824
612,11/6/2014,0.6636129109906579
613,11/5/2014,0.700196802979047
614,11/4/2014,0.8130788018605374
615,11/3/2014,0.6998906315382254
616,10/31/2014,0.5279253845556933
617,10/30/2014,0.5717646118977666
618,10/29/2014,0.9976205999056467
619,10/28/2014,0.6955042836767629
620,10/27/2014,0.7140369682341183
621,10/24/2014,0.7084818457311794
622,10/23/2014,0.4447577108148534
623,10/22/2014,0.629727800525229
624,10/21/2014,0.655330998893814
625,10/20/2014,0.5811128556330296
626,10/17/2014,0.5785352321470737
627,10/16/2014,0.18245292231686058
628,10/15/2014,0.7484642069536761
629,10/14/2014,0.4833347035298417
630,10/13/2014,0.4975331821255845
631,10/10/2014,0.5357880065462174
632,10/9/2014,0.7098091063602593
633,10/8/2014,0.8104579237329838
634,10/7/2014,0.9734822714920348
635,10/6/2014,0.8699471412572116
636,10/3/2014,0.9197810806108002
637,10/2/2014,0.4642611566244482
638,10/1/2014,0.6408892782405726
639,9/30/2014,0.2241846797211858
640,9/29/2014,0.5639505302204567
641,9/26/2014,0.4118444736395673
642,9/25/2014,0.9678073829690677
643,9/24/2014,0.6291557943546706
644,9/23/2014,0.7530270160528881
645,9/22/2014,0.6598185478500913
646,9/19/2014,0.8545673169339022
647,9/18/2014,0.9202410263892232
648,9/17/2014,0.2124362283641214
649,9/16/2014,0.401969895973716
650,9/15/2014,0.7981129828416618
651,9/12/2014,-0.04322463258829788
652,9/11/2014,0.926692060278266
653,9/10/2014,0.588266801370362
654,9/9/2014,0.8116490972434788
655,9/8/2014,0.751447120802583
656,9/5/2014,0.5203474073549844
657,9/4/2014,1.2284569943535038
658,9/3/2014,0.33964338055484633
659,9/2/2014,0.02673711681777523
660,8/29/2014,0.30027236717513633
661,8/28/2014,0.7399194864296766
662,8/27/2014,0.4551555068308315
663,8/26/2014,0.6964938095901385
664,8/25/2014,0.7248065729156499
665,8/22/2014,0.746271105747291
666,8/21/2014,0.9914043066604251
667,8/20/2014,0.43198904645940456
668,8/19/2014,0.6211730719312292
669,8/18/2014,0.16017639856282562
670,8/15/2014,1.01480412814149
671,8/14/2014,1.1190480549429616
672,8/13/2014,0.051425106730304246
673,8/12/2014,0.35449769510061485
674,8/11/2014,0.4706649623638987
675,8/8/2014,0.20976136005254803
676,8/7/2014,0.5795136304238112
677,8/6/2014,0.8279260286730681
678,8/5/2014,0.5067894775270734
679,8/4/2014,0.8651737232322968
680,8/1/2014,0.032867911009280715
681,7/31/2014,0.24672531529004707
682,7/30/2014,0.22743321261520544
683,7/29/2014,0.5613838681308585
684,7/28/2014,0.5847952907602942
685,7/25/2014,0.5708678170612789
686,7/24/2014,0.5977724838729452
687,7/23/2014,0.789289908885993
688,7/22/2014,0.3186209570111555
689,7/21/2014,1.045131345931133
690,7/18/2014,0.6434288726856332
691,7/17/2014,0.0414969077760065
692,7/16/2014,0.7346820994787571
693,7/15/2014,0.6838311071607652
694,7/14/2014,0.7420114867689421
695,7/11/2014,0.49758307848838706
696,7/10/2014,-0.0637694382196463
697,7/9/2014,-0.3744162445181916
698,7/8/2014,0.27715126185610595
699,7/7/2014,1.0584337012639788
700,7/3/2014,0.6887928960185464
701,7/2/2014,0.15876660589145772
702,7/1/2014,0.2260849202547653
703,6/30/2014,0.2545959967274358
704,6/27/2014,0.3223535347679017
705,6/26/2014,0.37217065386311576
706,6/25/2014,-0.01654663957525152
707,6/24/2014,0.5071998989199473
708,6/23/2014,0.24951510237503927
709,6/20/2014,1.143329450813247
710,6/19/2014,0.6496105538547168
711,6/18/2014,0.21524930785123977
712,6/17/2014,0.7545232681617883
713,6/16/2014,0.9906968620867769
714,6/13/2014,0.4590252728252527
715,6/12/2014,0.22148793485881796
716,6/11/2014,0.24215265057357468
717,6/10/2014,0.6632370928357978
718,6/9/2014,0.759894072902562
719,6/6/2014,0.8659910892392864
720,6/5/2014,0.3118217631686896
721,6/4/2014,0.170811531994485
722,6/3/2014,0.7507582201064544
723,6/2/2014,0.5286559521357048
724,5/30/2014,0.5995906382160711
725,5/29/2014,0.7197923386503451
726,5/28/2014,0.5880954675680359
727,5/27/2014,0.3290894556956558
728,5/23/2014,0.5731395362442752
729,5/22/2014,1.2837678481250139
730,5/21/2014,0.1296585099498535
731,5/20/2014,0.3459623924043764
732,5/19/2014,0.5771925066093787
733,5/16/2014,0.2558224637176935
734,5/15/2014,-0.05009756264785844
735,5/14/2014,0.9449049221268534
736,5/13/2014,0.9520092359672042
737,5/12/2014,1.0914583503869866
738,5/9/2014,0.7970444665392439
739,5/8/2014,0.7367258505762639
740,5/7/2014,0.20079634709855027
741,5/6/2014,0.822170582200326
742,5/5/2014,0.8541538819256339
743,5/2/2014,0.5580947348365733
744,5/1/2014,0.6171890500749895
745,4/30/2014,0.4382417575529007
746,4/29/2014,0.38829928617083226
747,4/28/2014,0.21410831883878256
748,4/25/2014,0.24468000168203183
749,4/24/2014,0.8454115172755
750,4/23/2014,0.7523641248542872
751,4/22/2014,0.8723625638487142
752,4/21/2014,0.3098901216279622
753,4/17/2014,0.6903928970462829
754,4/16/2014,0.6888757053994098
755,4/15/2014,0.7417673931837987
756,4/14/2014,0.6217624286701567
757,4/11/2014,0.40456125280172206
758,4/10/2014,0.30028367741550405
759,4/9/2014,0.7728839471343453
760,4/8/2014,0.2727365624664229
761,4/7/2014,0.6436629151307198
762,4/4/2014,0.2963779189245486
763,4/3/2014,1.300922897260208
764,4/2/2014,0.474081261880503
765,4/1/2014,0.4350672107633304
766,3/31/2014,0.49966220903998654
767,3/28/2014,0.1540347498048036
768,3/27/2014,1.0384520213497457
769,3/26/2014,0.06869374462180546
770,3/25/2014,0.13954488062442605
771,3/24/2014,0.7986976360918001
772,3/21/2014,0.581399654773357
773,3/20/2014,1.0416629108055238
774,3/19/2014,0.4770716038457048
775,3/18/2014,0.269738690937467
776,3/17/2014,0.5050191523250399
777,3/14/2014,0.6822317867561623
778,3/13/2014,0.14595135908713858
779,3/12/2014,0.31256236091441564
780,3/11/2014,0.4342714048637113
781,3/10/2014,0.43423896784486743
782,3/7/2014,0.7234149717439712
783,3/6/2014,-0.12208087355846282
784,3/5/2014,0.47653598161988986
785,3/4/2014,0.44946093196756454
786,3/3/2014,0.32510368898423875
787,2/28/2014,0.48251097884978983
788,2/27/2014,0.5072790778910865
789,2/26/2014,0.4551151028796923
790,2/25/2014,0.5487233606026346
791,2/24/2014,0.6287485975812411
792,2/21/2014,0.7278429140563605
793,2/20/2014,0.6298138939894068
794,2/19/2014,0.3973066478482733
795,2/18/2014,0.3461017293329728
796,2/14/2014,0.471715478426003
797,2/13/2014,0.15967237096667555
798,2/12/2014,0.4391271755566056
799,2/11/2014,0.3797526303501435
800,2/10/2014,-0.08324389734745431
801,2/7/2014,0.18629550981192403
802,2/6/2014,0.2624112192589441
803,2/5/2014,0.4731047087405877
804,2/4/2014,1.0435110199667608
805,2/3/2014,-0.21632866073585524
806,1/31/2014,0.07205984136805288
807,1/30/2014,1.2402512109828552
808,1/29/2014,0.4896681693788865
809,1/28/2014,0.6767720026279911
810,1/27/2014,0.5772176047917043
811,1/24/2014,0.6175739065147149
812,1/23/2014,0.782574411158321
813,1/22/2014,0.5251821104319584
814,1/21/2014,0.5556145200541881
815,1/17/2014,0.5428818389129484
816,1/16/2014,0.4759566542954802
817,1/15/2014,0.7304858532550862
818,1/14/2014,0.5525565622672822
819,1/13/2014,0.562612992871638
820,1/10/2014,0.012347928160948176
821,1/9/2014,0.29617247763078114
822,1/8/2014,0.9887266938726059
823,1/7/2014,0.6989645338587908
824,1/6/2014,0.8785262691083381
825,1/3/2014,0.2926233860910774
826,1/2/2014,0.47560227340441147
827,12/31/2013,0.6157483553848184
828,12/30/2013,0.44282213767385603
829,12/27/2013,1.072729310781842
830,12/26/2013,0.603385341990236
831,12/24/2013,0.8091398170532373
832,12/23/2013,0.6580445035958388
833,12/20/2013,0.8976630032442788
834,12/19/2013,0.8459667542202063
835,12/18/2013,0.6038380511333704
836,12/17/2013,0.8872983789477265
837,12/16/2013,0.3930696186949727
838,12/13/2013,0.6780442358932337
839,12/12/2013,0.49559350653771544
840,12/11/2013,0.7315639327034686
841,12/10/2013,0.5090114075875519
842,12/9/2013,0.3020654385196879
843,12/6/2013,0.7026349704496552
844,12/5/2013,0.4656234657235566
845,12/4/2013,0.39785276255817387
846,12/3/2013,0.16350703369308486
847,12/2/2013,0.44916455887708373
848,11/29/2013,0.40255212337008717
849,11/27/2013,0.33478607572488367
850,11/26/2013,0.4044404636439635
851,11/25/2013,0.7267296375300232
852,11/22/2013,0.3638973169997166
853,11/21/2013,0.2774145910332066
854,11/20/2013,0.33196372360802656
855,11/19/2013,0.9422292868517167
856,11/18/2013,0.3828873353619695
857,11/15/2013,0.5298214774339944
858,11/14/2013,0.2635540769216183
859,11/13/2013,0.4294237784604416
860,11/12/2013,0.8180118093617115
861,11/11/2013,0.1801673740351223
862,11/8/2013,0.8083402840602836
863,11/7/2013,0.6342495051161693
864,11/6/2013,0.011985195117902431
865,11/5/2013,0.12254956862949952
866,11/4/2013,-0.011426852134311358
867,11/1/2013,0.5157517030286629
868,10/31/2013,0.37894929012174766
869,10/30/2013,0.30012522108124906
870,10/29/2013,0.8714637708322449
871,10/28/2013,0.49529554555778327
872,10/25/2013,-0.037777903323002814
873,10/24/2013,0.5224799953582383
874,10/23/2013,-0.057958813074901014
875,10/22/2013,0.125741328556638
876,10/21/2013,0.4750780985092049
877,10/18/2013,0.5597599012533493
878,10/17/2013,0.6243207274889553
879,10/16/2013,0.03122615331252168
880,10/15/2013,0.37761495002083445
881,10/14/2013,0.27170193368027895
882,10/11/2013,0.5436873186004689
883,10/10/2013,0.33387756549646513
884,10/9/2013,0.8444668448013914
885,10/8/2013,0.32741338016669175
886,10/7/2013,0.5599949377999799
887,10/4/2013,0.968538202317964
888,10/3/2013,0.04224464762435908
889,10/2/2013,0.15746535987094473
890,10/1/2013,0.2547864020002476
891,9/30/2013,0.39747814058956915
892,9/27/2013,0.39222747557716325
893,9/26/2013,0.6658296129264627
894,9/25/2013,0.615226957555307
895,9/24/2013,0.6845130434310256
896,9/23/2013,0.6790589018014613
897,9/20/2013,0.259518072027942
898,9/19/2013,0.3626233771495956
899,9/18/2013,-0.1724920442657785
900,9/17/2013,0.4182327642786793
901,9/16/2013,0.928414191818435
902,9/13/2013,0.3760501264923189
903,9/12/2013,0.5361065827071685
904,9/11/2013,0.4725563064959904
905,9/10/2013,0.7637998358589145
906,9/9/2013,0.5526851302272473
907,9/6/2013,-0.11821784007810185
908,9/5/2013,0.635421614245384
909,9/4/2013,0.17150703940035728
910,9/3/2013,0.43313683308764245
911,8/30/2013,0.3574913508767436
912,8/29/2013,0.19143743174113845
913,8/28/2013,0.21016925290244562
914,8/27/2013,0.30923126366166914
915,8/26/2013,0.6409562305179186
916,8/23/2013,0.1761939111694426
917,8/22/2013,0.28211426577869314
918,8/21/2013,-0.49264982527293116
919,8/20/2013,0.35620804675601153
920,8/19/2013,0.5346205327728093
921,8/16/2013,0.5277521200285268
922,8/15/2013,0.809424852297452
923,8/14/2013,0.1651815258833672
924,8/13/2013,0.6625600768707484
925,8/12/2013,0.014731566953072256
926,8/9/2013,0.531320095866997
927,8/8/2013,-0.02945306375218514
928,8/7/2013,-0.11052133725860688
929,8/6/2013,0.7952657556474688
930,8/5/2013,0.2865623770169224
931,8/2/2013,0.24747182739424606
932,8/1/2013,0.5319697961088403
933,7/31/2013,0.5016013514453308
934,7/30/2013,0.5579697235619836
935,7/29/2013,0.695417642916707
936,7/26/2013,0.1353257786848072
937,7/25/2013,0.595754541897411
938,7/24/2013,0.2684226899133112
939,7/23/2013,0.5213075474691248
940,7/22/2013,0.2882964437600918
941,7/19/2013,0.3637509861420846
942,7/18/2013,0.6701055058674655
943,7/17/2013,0.7054569214640397
944,7/16/2013,0.7692249757850494
945,7/15/2013,0.5993371232061695
946,7/12/2013,0.42880709304893233
947,7/11/2013,0.35020897227656295
948,7/10/2013,0.391246387634211
949,7/9/2013,0.19913784848813545
950,7/8/2013,0.19186439207188946
951,7/5/2013,0.5360765293903172
952,7/3/2013,0.5079682243000567
953,7/2/2013,0.675551080168829
954,7/1/2013,0.3571206051632573
955,6/28/2013,0.27966065740355106
956,6/27/2013,0.2794228669922438
957,6/26/2013,0.23261965492537529
958,6/25/2013,0.5057168555481767
959,6/24/2013,-0.06167901039711914
960,6/21/2013,0.19584667444121492
961,6/20/2013,0.0888905550253081
962,6/19/2013,0.6283150376959903
963,6/18/2013,0.25776546846279036
964,6/17/2013,-0.22159853147956843
965,6/14/2013,0.6483718123004617
966,6/13/2013,0.2033285023624441
967,6/12/2013,0.6116911524882349
968,6/11/2013,0.5529046985639222
969,6/10/2013,0.7456576033167428
970,6/7/2013,0.54613870996302
971,6/6/2013,-0.019298103879264093
972,6/5/2013,1.1380672621616053
973,6/4/2013,0.3740251114860584
974,6/3/2013,0.7972479982647318
975,5/31/2013,0.02701017299156857
976,5/30/2013,0.18028421217663934
977,5/29/2013,0.2777362175931915
978,5/28/2013,0.5435853339080845
979,5/24/2013,0.3412687871260263
980,5/23/2013,0.45395384259930854
981,5/22/2013,-0.0268777203283067
982,5/21/2013,0.5196919521271937
983,5/20/2013,0.30870826392849543
984,5/17/2013,0.7110331112285091
985,5/16/2013,-0.19719624175846667
986,5/15/2013,0.7672541326249711
987,5/14/2013,0.4598780763930557
988,5/13/2013,0.5186088424749496
989,5/10/2013,0.7992751406100493
990,5/9/2013,0.8614561578528247
991,5/8/2013,0.6495734464529819
992,5/7/2013,0.5974501514539332
993,5/6/2013,-0.1954166668830546
994,5/3/2013,1.1994656326180242
995,5/2/2013,0.4942491475782405
996,5/1/2013,-0.03878210155818959
997,4/30/2013,0.28598474441133354
998,4/29/2013,0.7609094137454927
999,4/26/2013,0.010054390766271485
1000,4/25/2013,1.3598986353535711
1001,4/24/2013,0.24506173484832566
1002,4/23/2013,-0.0035489541797172645
1003,4/22/2013,0.2116443761904287
1004,4/19/2013,0.21293621628357284
1005,4/18/2013,-0.33393889101072216
1006,4/17/2013,0.3478039905917263
1007,4/16/2013,0.34208202938612564
1008,4/15/2013,0.2882207057673886
1009,4/12/2013,0.14638797017180047
1010,4/11/2013,0.5068761670525217
1011,4/10/2013,0.22076277716424383
1012,4/9/2013,0.38800737782088046
1013,4/8/2013,0.21281484100003206
1014,4/5/2013,0.6387462635691352
1015,4/4/2013,-0.13105548823793256
1016,4/3/2013,0.059787186368903046
1017,4/2/2013,-0.15035037005303492
1018,4/1/2013,0.5359145763572375
1019,3/28/2013,0.65740974407647
1020,3/27/2013,-0.0446854281870215
1021,3/26/2013,0.061755234825305996
1022,3/25/2013,0.42418915803123797
1023,3/22/2013,-0.010622266884238988
1024,3/21/2013,0.4575738662127111
1025,3/20/2013,0.08756873364362365
1026,3/19/2013,0.2526180895223103
1027,3/18/2013,0.4377961616320633
1028,3/15/2013,0.7231126779792993
1029,3/14/2013,0.5068427284069672
1030,3/13/2013,0.6803730143022104
1031,3/12/2013,0.5841127413637307
1032,3/11/2013,0.38326697805008636
1033,3/8/2013,0.8154689665257597
1034,3/7/2013,0.9858207280529869
1035,3/6/2013,0.2993108745278438
1036,3/5/2013,0.5574810843989544
1037,3/4/2013,0.6247180577874656
1038,3/1/2013,0.44792026560817866
1039,2/28/2013,0.44043836695110883
1040,2/27/2013,0.5012174184986992
1041,2/26/2013,0.5743109213779121
1042,2/25/2013,0.08694892299572732
1043,2/22/2013,0.5758417449776461
1044,2/21/2013,0.6908738730148112
1045,2/20/2013,0.21392425248846608
1046,2/19/2013,0.3828795591207938
1047,2/15/2013,0.6480909622371676
1048,2/14/2013,0.13059085698050488
1049,2/13/2013,0.38219759232925476
1050,2/12/2013,0.643557233589636
1051,2/11/2013,0.7953638863865692
1052,2/8/2013,0.09353293270479107
1053,2/7/2013,0.4735357931881245
1054,2/6/2013,0.6683900036279576
1055,2/5/2013,0.19607422883139494
1056,2/4/2013,1.0355564137694866
1057,2/1/2013,0.6252815284309241
1058,1/31/2013,0.403410255336563
1059,1/30/2013,0.43912390633719445
1060,1/29/2013,1.2865594761642156
1061,1/28/2013,0.7961744995879847
1062,1/25/2013,0.709895928451961
1063,1/24/2013,0.2862634155204758
1064,1/23/2013,0.6047952754710961
1065,1/22/2013,0.18627507981439867
1066,1/18/2013,0.09750162144203682
1067,1/17/2013,0.34821308351630254
1068,1/16/2013,0.6881631843564916
1069,1/15/2013,0.32407485896719457
1070,1/14/2013,-0.06535321240004255
1071,1/11/2013,0.954908877508452
1072,1/10/2013,0.5192715754934706
1073,1/9/2013,0.4884942535418724
1074,1/8/2013,0.5055772205724434
1075,1/7/2013,0.4621432772902199
1076,1/4/2013,0.4209361111691725
1077,1/3/2013,0.5589999935314004
1078,1/2/2013,0.7424670390914314
1079,12/31/2012,-0.06966538721035917
1080,12/28/2012,0.613564708822445
1081,12/27/2012,0.19137441895229146
1082,12/26/2012,0.29365172383416077
1083,12/24/2012,0.9850967131854907
1084,12/21/2012,0.20857333466247654
1085,12/20/2012,1.0779786828299087
1086,12/19/2012,0.6238862330244019
1087,12/18/2012,0.5167898910728488
1088,12/17/2012,0.6222215452971532
1089,12/14/2012,0.8560420067237328
1090,12/13/2012,0.44413900497875214
1091,12/12/2012,0.18292261736430449
1092,12/11/2012,0.3563464606950735
1093,12/10/2012,0.6959474601813822
1094,12/7/2012,0.20409552722121027
1095,12/6/2012,0.3434302592104202
1096,12/5/2012,0.3446224702562646
1097,12/4/2012,0.6353853240092074
1098,12/3/2012,0.3914609834568819
1099,11/30/2012,0.48077718382739054
1100,11/29/2012,0.46471583662157595
1101,11/28/2012,0.6028600338419643
1102,11/27/2012,0.5839532267619453
1103,11/26/2012,0.050635405891904066
1104,11/23/2012,0.27694069467759996
1105,11/21/2012,0.5121027179390275
1106,11/20/2012,0.37019805559041224
1107,11/19/2012,0.21965930446544962
1108,11/16/2012,0.17649278368988705
1109,11/15/2012,0.5029850649353533
1110,11/14/2012,0.5398775281464351
1111,11/13/2012,0.39844686450630057
1112,11/12/2012,0.7066364968941131
1113,11/9/2012,-0.31970473601393595
1114,11/8/2012,0.14945438086978485
1115,11/7/2012,0.617526010771506
1116,11/6/2012,0.5501434122016228
1117,11/5/2012,0.7271753759529722
1118,11/2/2012,0.6223491614933794
1119,11/1/2012,0.3254604262466161
1120,10/31/2012,0.29585590621493896
1121,10/26/2012,0.49624484277947495
1122,10/25/2012,0.6136570402966685
1123,10/24/2012,1.0702258238120543
1124,10/23/2012,0.47796081904123183
1125,10/22/2012,0.37072893537499246
1126,10/19/2012,0.33739128240516136
1127,10/18/2012,0.34859500536368165
1128,10/17/2012,0.4141017086266709
1129,10/16/2012,-0.05591795678390667
1130,10/15/2012,1.1568721701851437
1131,10/12/2012,-0.011431776872741701
1132,10/11/2012,0.12385743456162358
1133,10/10/2012,0.2966998775639747
1134,10/9/2012,0.5200804832555083
1135,10/8/2012,0.6343717982807899
1136,10/5/2012,0.4482640804208333
1137,10/4/2012,0.7038607121447861
1138,10/3/2012,0.5244616705858688
1139,10/2/2012,0.5195438485392634
1140,10/1/2012,0.6314556463093397
1141,9/28/2012,1.1098470503320421
1142,9/27/2012,0.7048271079418674
1143,9/26/2012,0.2547309918147212
1144,9/25/2012,0.1334163783994204
1145,9/24/2012,0.30237568632753276
1146,9/21/2012,0.5077074677242258
1147,9/20/2012,0.48499250001380156
1148,9/19/2012,0.5423494415221438
1149,9/18/2012,0.22910579411286275
1150,9/17/2012,0.2562455640039791
1151,9/14/2012,0.5713769563055707
1152,9/13/2012,0.2582271995946633
1153,9/12/2012,0.58347914927169
1154,9/11/2012,0.06976785765579466
1155,9/10/2012,0.0686638122213361
1156,9/7/2012,0.505473649642907
1157,9/6/2012,0.9726273915379161
1158,9/5/2012,0.5601433808058136
1159,9/4/2012,0.2283874202074194
1160,8/31/2012,0.38436201342215087
1161,8/30/2012,0.5073116466360686
1162,8/29/2012,0.5367351234649769
1163,8/28/2012,0.2835272172707343
1164,8/27/2012,0.09513020023604829
1165,8/24/2012,0.7167245194466539
1166,8/23/2012,0.7613468777509003
1167,8/22/2012,0.5784560637332954
1168,8/21/2012,0.7207175743867092
1169,8/20/2012,0.46793090060225717
1170,8/17/2012,0.3039444221861319
1171,8/16/2012,0.02517126696181121
1172,8/15/2012,0.020319528489709162
1173,8/14/2012,0.26847553611445524
1174,8/13/2012,0.21471367284802892
1175,8/10/2012,0.7148604865209897
1176,8/9/2012,0.3322865365945394
1177,8/8/2012,0.2750448979459144
1178,8/7/2012,0.8231802960958645
1179,8/6/2012,0.44432093166650827
1180,8/3/2012,0.7310881017250344
1181,8/2/2012,0.48395534650658234
1182,8/1/2012,0.22581344958667482
1183,7/31/2012,0.33120871287970144
1184,7/30/2012,0.17356979729348013
1185,7/27/2012,0.5702244156524281
1186,7/26/2012,0.4735637125347426
1187,7/25/2012,-0.013731051637346994
1188,7/24/2012,0.27743114285568765
1189,7/23/2012,0.3012934321120322
1190,7/20/2012,0.12310753035826565
1191,7/19/2012,0.5492051086596681
1192,7/18/2012,0.5051838034083594
1193,7/17/2012,0.3853391268389518
1194,7/16/2012,0.26003634093935735
1195,7/13/2012,0.3306799444704097
1196,7/12/2012,0.44981146842355546
1197,7/11/2012,0.32157289722949217
1198,7/10/2012,-0.310526189919963
1199,7/9/2012,0.486378359338338
1200,7/6/2012,0.02720523667369131
1201,7/5/2012,0.5901573811146591
1202,7/3/2012,0.5492419701955538
1203,7/2/2012,0.5895502495730777
1204,6/29/2012,0.386138902804124
1205,6/28/2012,0.7517098577380479
1206,6/27/2012,0.22924148816453568
1207,6/26/2012,0.5101304430107909
1208,6/25/2012,0.3754354343597694
1209,6/22/2012,0.3010489390522589
1210,6/21/2012,0.21444681023903883
1211,6/20/2012,0.5871190370765959
1212,6/19/2012,0.15038770365556714
1213,6/18/2012,0.5600479487322007
1214,6/15/2012,0.4457976888424302
1215,6/14/2012,0.07799287745069557
1216,6/13/2012,0.2533769686275664
1217,6/12/2012,0.42791187116276685
1218,6/11/2012,0.35618432483033424
1219,6/8/2012,0.2578784878796897
1220,6/7/2012,0.5621694312630702
1221,6/6/2012,0.24914014615144042
1222,6/5/2012,0.07868045285957101
1223,6/4/2012,0.028349672214417886
1224,6/1/2012,-0.3331842859105597
1225,5/31/2012,0.3464559222446456
1226,5/30/2012,0.43186479873000516
1227,5/29/2012,0.532507684930512
1228,5/25/2012,0.7195981901830711
1229,5/24/2012,0.20942376308337493
1230,5/23/2012,0.47428863718101716
1231,5/22/2012,0.9142926895134689
1232,5/21/2012,0.3772681741096678
1233,5/18/2012,0.5220137265228599
1234,5/17/2012,0.21791332283839185
1235,5/16/2012,0.7249326961451321
1236,5/15/2012,0.376742107567764
1237,5/14/2012,0.2661435010472432
1238,5/11/2012,0.48493132548547657
1239,5/10/2012,0.07014185019523632
1240,5/9/2012,0.21596165873499498
1241,5/8/2012,0.38239981236880183
1242,5/7/2012,0.7198064322783019
1243,5/4/2012,0.18024693203405306
1244,5/3/2012,0.39770034189047065
1245,5/2/2012,0.30791334785485736
1246,5/1/2012,0.4701639952073449
1247,4/30/2012,0.41681831869590213
1248,4/27/2012,0.4758771952077628
1249,4/26/2012,0.16988455352853446
1250,4/25/2012,0.5670651687747889
1251,4/24/2012,0.17964897321499546
1252,4/23/2012,0.2778763422020684
1253,4/20/2012,0.4284262100913241
1254,4/19/2012,0.2166502637797225
1255,4/18/2012,0.4099573342583354
1256,4/17/2012,0.6225024289570701
1257,4/16/2012,0.5610968553379051
1258,4/13/2012,0.4891155312977747
1259,4/12/2012,0.25469890276318735
1260,4/11/2012,0.9367055742435628
1261,4/10/2012,0.36477922700150095
1262,4/9/2012,0.4771420423816287
1263,4/5/2012,0.5505980759636003
1264,4/4/2012,0.288588686372697
1265,4/3/2012,0.3109580752266964
1266,4/2/2012,0.4397580890522856
1267,3/30/2012,0.6997736934447979
1268,3/29/2012,0.5418538560346327
1269,3/28/2012,0.36798714621868034
1270,3/27/2012,0.7108020294037716
1271,3/26/2012,0.34455931700043374
1272,3/23/2012,0.7582744129731003
1273,3/22/2012,-0.018039878554766797
1274,3/21/2012,0.17195402042683872
1275,3/20/2012,0.6521670121115981
1276,3/19/2012,0.7110645591624645
1277,3/16/2012,0.4707160073746608
1278,3/15/2012,0.48569010668281704
1279,3/14/2012,0.7563444922715782
1280,3/13/2012,0.30411972974292734
1281,3/12/2012,0.2502553520987579
1282,3/9/2012,0.6267705806060991
1283,3/8/2012,0.1579997683884948
1284,3/7/2012,0.37954034488262933
1285,3/6/2012,0.25243603995359326
1286,3/5/2012,0.4287292776667663
1287,3/2/2012,0.29465354771881624
1288,3/1/2012,0.729191724401091
1289,2/29/2012,0.5660296767650022
1290,2/28/2012,0.5109627261452258
1291,2/27/2012,0.3069778885043772
1292,2/24/2012,0.007303854135641567
1293,2/23/2012,0.6932869438152216
1294,2/22/2012,-0.05361918476794293
1295,2/21/2012,0.7940411663175652
1296,2/17/2012,0.26566672865749413
1297,2/16/2012,0.643230155455019
1298,2/15/2012,0.22369034619295244
1299,2/14/2012,0.669377432092431
1300,2/13/2012,0.7173585352822704
1301,2/10/2012,0.08347212253237299
1302,2/9/2012,0.8808890720294699
1303,2/8/2012,0.3583701835909685
1304,2/7/2012,0.5861621165129428
1305,2/6/2012,0.6709072541108141
1306,2/3/2012,0.4420661873802064
1307,2/2/2012,0.4553186813863241
1308,2/1/2012,0.7139696496731641
1309,1/31/2012,0.4582758207027808
1310,1/30/2012,0.4016059050170836
1311,1/27/2012,0.45557519211514363
1312,1/26/2012,0.12449123406909059
1313,1/25/2012,0.20760418241989612
1314,1/24/2012,0.5259424932817126
1315,1/23/2012,0.36040984084002103
1316,1/20/2012,0.36991995769219466
1317,1/19/2012,0.22538791569345537
1318,1/18/2012,0.7167151464321657
1319,1/17/2012,0.30741276804610074
1320,1/13/2012,0.35597051650315753
1321,1/12/2012,-0.10330205085913478
1322,1/11/2012,0.08017461044175345
1323,1/10/2012,0.7822781976113684
1324,1/9/2012,0.41117202281691967
1325,1/6/2012,0.5433246084962974
1326,1/5/2012,0.7841677195526171
1327,1/4/2012,0.5760261878618063
1328,1/3/2012,0.15160061422583765
1329,12/30/2011,0.7767864301372461
1330,12/29/2011,0.3419455147268734
1331,12/28/2011,0.2605819427097862
1332,12/27/2011,0.6217634529934963
1333,12/23/2011,0.9586622482011853
1334,12/22/2011,0.5910679132231406
1335,12/21/2011,0.4514955172832819
1336,12/20/2011,0.6104240746116678
1337,12/19/2011,0.12109496360888303
1338,12/16/2011,0.48508439384702556
1339,12/15/2011,0.6628715255918916
1340,12/14/2011,0.2518977046398011
1341,12/13/2011,0.6839499960720397
1342,12/12/2011,0.23901752033293505
1343,12/9/2011,0.7805715990397398
1344,12/8/2011,0.3965171462736399
1345,12/7/2011,0.6504896714941935
1346,12/6/2011,0.2357510415328802
1347,12/5/2011,0.7613555163415843
1348,12/2/2011,0.730129817222812
1349,12/1/2011,0.047384677768166156
1350,11/30/2011,0.37965435841848655
1351,11/29/2011,0.703321925540771
1352,11/28/2011,0.49662695460618234
1353,11/25/2011,-0.003250768516500611
1354,11/23/2011,0.1634907764131873
1355,11/22/2011,0.5867920356974954
1356,11/21/2011,-0.0021676694324642034
1357,11/18/2011,0.5984125536955501
1358,11/17/2011,0.31488343730996554
1359,11/16/2011,0.394726752358655
1360,11/15/2011,0.41466736146000555
1361,11/14/2011,0.6022799648320375
1362,11/11/2011,-0.02971984926742836
1363,11/10/2011,0.0984452070564485
1364,11/9/2011,0.31446172517158244
1365,11/8/2011,0.0613485830001888
1366,11/7/2011,0.3325963655032567
1367,11/4/2011,-0.239356402693582
1368,11/3/2011,0.26928234853898103
1369,11/2/2011,0.3816167846577845
1370,11/1/2011,0.08227022290322883
1371,10/31/2011,0.470276158408232
1372,10/28/2011,0.40599136750148557
1373,10/27/2011,0.8070728142896619
1374,10/26/2011,0.2882851746415845
1375,10/25/2011,0.2444430893695637
1376,10/24/2011,0.4243981982723472
1377,10/21/2011,0.45466871132004316
1378,10/20/2011,1.0685106872800478
1379,10/19/2011,0.581530423827511
1380,10/18/2011,0.039997372769298066
1381,10/17/2011,0.5650468735157216
1382,10/14/2011,0.2171727057834066
1383,10/13/2011,0.2534168921732861
1384,10/12/2011,0.12290592348400613
1385,10/11/2011,0.4140645527008653
1386,10/10/2011,0.5318874371472846
1387,10/7/2011,0.05042626399242761
1388,10/6/2011,-0.3647319919713177
1389,10/5/2011,-0.01679677007396164
1390,10/4/2011,0.3015372662774405
1391,10/3/2011,0.47616142592972927
1392,9/30/2011,0.26670222587217957
1393,9/29/2011,0.4037240211262803
1394,9/28/2011,0.6278490762768314
1395,9/27/2011,0.0909743323562505
1396,9/26/2011,0.10107833348048934
1397,9/23/2011,0.16482046742521858
1398,9/22/2011,0.2420227075527038
1399,9/21/2011,-0.06112833995993371
1400,9/20/2011,0.49907805126393606
1401,9/19/2011,0.39191718224293903
1402,9/16/2011,0.17830109609313624
1403,9/15/2011,0.18374741028261657
1404,9/14/2011,0.1610029382885933
1405,9/13/2011,0.3951202912022379
1406,9/12/2011,0.5837932903062668
1407,9/9/2011,-0.037112740346548906
1408,9/8/2011,-0.05911434973843689
1409,9/7/2011,0.2287866222590964
1410,9/6/2011,0.8721455836939598
1411,9/2/2011,0.012304305861633906
1412,9/1/2011,0.8793581547706892
1413,8/31/2011,0.18566666666666667
1414,8/30/2011,0.7373188405797101
1415,8/29/2011,0.9561868465176976
1416,8/26/2011,-0.1224181254556392
1417,8/25/2011,-0.13531883818342152
1418,8/24/2011,-0.25356847764657303
1419,8/23/2011,0.6619591527353005
1420,8/22/2011,0.2937910439745534
1421,8/19/2011,0.2607756526954292
1422,8/18/2011,-0.05503823808141521
1423,8/17/2011,-0.2487349494612203
1424,8/16/2011,0.22934196303503446
1425,8/15/2011,0.5427700802854946
1426,8/12/2011,0.22574382640925353
1427,8/11/2011,-0.07297554327124763
1428,8/10/2011,-0.16493353295086094
1429,8/9/2011,-0.16882269315616844
1430,8/8/2011,-0.048872539931893784
1431,8/5/2011,0.3865698685143428
1432,8/4/2011,-0.24534711300804368
1433,8/3/2011,0.5960565320494318
1434,8/2/2011,0.026938299038623718
1435,8/1/2011,0.036187389260993665
1436,7/29/2011,0.08774478667653049
1437,7/28/2011,-0.039358678729384214
1438,7/27/2011,-0.30055716231274904
1439,7/26/2011,0.44273986677281557
1440,7/25/2011,0.25461302541673303
1441,7/22/2011,-0.1528654691043084
1442,7/21/2011,0.45457333174068765
1443,7/20/2011,0.29599723220354146
1444,7/19/2011,0.050138955641168284
1445,7/18/2011,0.8288017668784038
1446,7/15/2011,0.4360752226710804
1447,7/14/2011,1.049303928306579
1448,7/13/2011,0.6727184714365566
1449,7/12/2011,0.5365069476332203
1450,7/11/2011,0.39752282364577085
1451,7/8/2011,0.39018791256089835
1452,7/7/2011,0.6868071646029755
1453,7/6/2011,0.6257417110723834
1454,7/5/2011,0.4277386514560357
1455,7/1/2011,0.7468209387285616
1456,6/30/2011,0.39030194441194116
1457,6/29/2011,0.3552603518941931
1458,6/28/2011,-0.2166052492471678
1459,6/27/2011,-0.12573032581422627
1460,6/24/2011,0.6361594932894129
1461,6/23/2011,0.13766380212432075
1462,6/22/2011,0.5532606420705719
1463,6/21/2011,0.12653696155350108
1464,6/20/2011,0.18008701186369522
1465,6/17/2011,0.19370375286343183
1466,6/16/2011,0.0488767012847278
1467,6/15/2011,0.3859534576461978
1468,6/14/2011,0.7049966660938738
1469,6/13/2011,0.1286217873933975
1470,6/10/2011,0.17127686167048256
1471,6/9/2011,0.36943177629278695
1472,6/8/2011,0.2801467566931892
1473,6/7/2011,0.022843823812567082
1474,6/6/2011,0.5907377273287591
1475,6/3/2011,0.14301887308518185
1476,6/2/2011,0.17281709171220386
1477,6/1/2011,-0.045150397777449267
1478,5/31/2011,0.38375083016676864
1479,5/27/2011,0.7859133563468579
1480,5/26/2011,0.3646841202572662
1481,5/25/2011,0.5077307246865688
1482,5/24/2011,0.27026088369310275
1483,5/23/2011,-0.14470723394901072
1484,5/20/2011,0.29450710456501555
1485,5/19/2011,-0.019646444963627795
1486,5/18/2011,0.1524645881162833
1487,5/17/2011,-0.10250269972422568
1488,5/16/2011,0.07160924288501257
1489,5/13/2011,0.0923567369560504
1490,5/12/2011,0.5616730063208949
1491,5/11/2011,0.3229928172835607
1492,5/10/2011,0.7228561818790233
1493,5/9/2011,0.16885923508383008
1494,5/6/2011,0.5527953555633581
1495,5/5/2011,-0.06892636551582892
1496,5/4/2011,-0.07294150562180188
1497,5/3/2011,0.13705095763610525
1498,5/2/2011,0.12977796556093146
1499,4/29/2011,0.03024871721245015
1500,4/28/2011,0.05669090698551985
1501,4/27/2011,0.6262769550374033
1502,4/26/2011,0.029996926860394863
1503,4/25/2011,0.2959175503228534
1504,4/21/2011,0.4723079900740964
1505,4/20/2011,0.13467169008801597
1506,4/19/2011,0.9984322943817199
1507,4/18/2011,-0.033498692815469695
1508,4/15/2011,0.45334375200825466
1509,4/14/2011,0.08682875251861216
1510,4/13/2011,0.30153649430039614
1511,4/12/2011,0.4233661238363272
1512,4/11/2011,0.1260529058519074
1513,4/8/2011,0.1529849864899075
1514,4/7/2011,0.27876688203899586
1515,4/6/2011,0.30391016487487965
1516,4/5/2011,0.6012180658273879
1517,4/4/2011,0.22090913410222654
1518,4/1/2011,0.5243140451691766
1519,3/31/2011,0.33603063591204624
1520,3/30/2011,0.20150599324828553
1521,3/29/2011,-0.11705234339266386
1522,3/28/2011,0.466548935343895
1523,3/25/2011,0.29285106968923935
1524,3/24/2011,0.33773150746947905
1525,3/23/2011,0.5687844089095169
1526,3/22/2011,0.46874585588413514
1527,3/21/2011,0.4237877761235456
1528,3/18/2011,0.4467932545625189
1529,3/17/2011,0.621543491659893
1530,3/16/2011,0.6721386762875873
1531,3/15/2011,0.2840154330737462
1532,3/14/2011,0.09689511118980072
1533,3/11/2011,0.4353241899436559
1534,3/10/2011,0.11297621881360369
1535,3/9/2011,0.13408463505081433
1536,3/8/2011,0.26964067296818095
1537,3/7/2011,0.42299724948677675
1538,3/4/2011,0.8066206761989111
1539,3/3/2011,0.6341519459569461
1540,3/2/2011,0.34913181488860806
1541,3/1/2011,0.3596659262879971
1542,2/28/2011,0.20965110498017175
1543,2/25/2011,0.12236906296238477
1544,2/24/2011,0.15235737578435368
1545,2/23/2011,0.4558002647331744
1546,2/22/2011,0.1880557222450761
1547,2/18/2011,0.8699864982339679
1548,2/17/2011,0.5803080438409526
1549,2/16/2011,0.21884188733109172
1550,2/15/2011,0.5357269571888964
1551,2/14/2011,0.45686834625516165
1552,2/11/2011,0.8896560045424571
1553,2/10/2011,0.20654737067680978
1554,2/9/2011,0.4996420465407886
1555,2/8/2011,0.34933379128442876
1556,2/7/2011,0.44463129356675535
1557,2/4/2011,0.38132479865112556
1558,2/3/2011,0.2386192220252693
1559,2/2/2011,0.3348208131514871
1560,2/1/2011,0.311972235746407
1561,1/31/2011,0.43446588716339685
1562,1/28/2011,0.1543595842070596
1563,1/27/2011,0.2447356702471222
1564,1/26/2011,0.8435810707527215
1565,1/25/2011,0.11220123636448012
1566,1/24/2011,0.6719432943490457
1567,1/21/2011,0.3237311100644935
1568,1/20/2011,0.4273228568315375
1569,1/19/2011,0.3481575276074736
1570,1/18/2011,0.4047979733837859
1571,1/14/2011,0.15311657754572333
1572,1/13/2011,0.5671011371809209
1573,1/12/2011,0.29561599407521616
1574,1/11/2011,0.5017744632860904
1575,1/10/2011,0.3671013054336846
1576,1/7/2011,0.13656938712183825
1577,1/6/2011,0.6245277771679443
1578,1/5/2011,0.23575497185828354
1579,1/4/2011,0.8529712446409301
1580,1/3/2011,0.45134835093357845
1581,12/31/2010,0.9104747487761559
1582,12/30/2010,0.6477751775641386
1583,12/29/2010,0.20309056473829204
1584,12/28/2010,0.31583058871647657
1585,12/27/2010,0.3753725550626679
1586,12/23/2010,0.43290242057320943
1587,12/22/2010,0.10829694832011487
1588,12/21/2010,0.6901373251632643
1589,12/20/2010,0.5896592405701931
1590,12/17/2010,0.6905758265728992
1591,12/16/2010,0.34034000688463933
1592,12/15/2010,0.4446733159208855
1593,12/14/2010,0.37700374350923804
1594,12/13/2010,0.4346836292037533
1595,12/10/2010,0.3522949730604009
1596,12/9/2010,0.006141632338482393
1597,12/8/2010,0.13767034079175178
1598,12/7/2010,0.17636754018252898
1599,12/6/2010,0.2746150269399046
1600,12/3/2010,0.08515932031088275
1601,12/2/2010,0.2959963749449545
1602,12/1/2010,0.7190274526723134
1603,11/30/2010,0.44453763376067346
1604,11/29/2010,0.34638593416155583
1605,11/26/2010,0.24177460476752688
1606,11/24/2010,0.3307009006558943
1607,11/23/2010,-0.040527122427911434
1608,11/22/2010,0.16557486132781546
1609,11/19/2010,0.7497010207540531
1610,11/18/2010,0.27096140430699744
1611,11/17/2010,0.058154201213915055
1612,11/16/2010,0.3484181445005244
1613,11/15/2010,0.5784231188738556
1614,11/12/2010,0.4334833247890534
1615,11/11/2010,0.37123133342537995
1616,11/10/2010,0.5438306940245626
1617,11/9/2010,0.05849956559767978
1618,11/8/2010,0.45520812782753683
1619,11/5/2010,0.1366053634289246
1620,11/4/2010,-0.05630167116804073
1621,11/3/2010,0.42955792006883814
1622,11/2/2010,0.3168595222909118
1623,11/1/2010,0.1932029948775071
1624,10/29/2010,0.5428594414346367
1625,10/28/2010,0.3221252673185046
1626,10/27/2010,0.5326322852283832
1627,10/26/2010,-0.021063114277573743
1628,10/25/2010,0.4977729994840515
1629,10/22/2010,0.15331617612557805
1630,10/21/2010,0.17901537795656824
1631,10/20/2010,0.3393530677383645
1632,10/19/2010,0.493430328478847
1633,10/18/2010,0.06074461846004495
1634,10/15/2010,0.14747063232106078
1635,10/14/2010,0.13836812732895482
1636,10/13/2010,0.5141905693812124
1637,10/12/2010,0.6022701804512003
1638,10/11/2010,0.45346024544582225
1639,10/8/2010,0.215337042112029
1640,10/7/2010,0.4674649842106288
1641,10/6/2010,-0.061796014051723164
1642,10/5/2010,0.1435247070316714
1643,10/4/2010,0.1550580574202214
1644,10/1/2010,0.3063203397657267
1645,9/30/2010,0.06675678257484154
1646,9/29/2010,0.3715722928469245
1647,9/28/2010,0.41174923360318594
1648,9/27/2010,0.4699282906211348
1649,9/24/2010,-0.022293697458261683
1650,9/23/2010,0.1703722556411654
1651,9/22/2010,0.27423627385597443
1652,9/21/2010,0.2071462468078956
1653,9/20/2010,0.8243915294032185
1654,9/17/2010,0.03547061156487225
1655,9/16/2010,0.36667121314427853
1656,9/15/2010,0.4978129326064807
1657,9/14/2010,0.637578367666842
1658,9/13/2010,0.636702441658504
1659,9/10/2010,0.36144196680445195
1660,9/9/2010,0.6109340801842171
1661,9/8/2010,0.3719234429540655
1662,9/7/2010,0.20001451590927946
1663,9/3/2010,0.5437203866217721
1664,9/2/2010,0.20344723153636368
1665,9/1/2010,0.19054147639122018
1666,8/31/2010,0.1517249060741518
1667,8/30/2010,1.056615918817345
1668,8/27/2010,0.3649761450856744
1669,8/26/2010,0.846138451628631
1670,8/25/2010,-0.03739819665508973
1671,8/24/2010,0.16803415870587132
1672,8/23/2010,-0.03763459731144433
1673,8/20/2010,0.4138496298310487
1674,8/19/2010,-0.17473168508487372
1675,8/18/2010,0.4600665258959093
1676,8/17/2010,0.17809517374415978
1677,8/16/2010,0.3870318022329005
1678,8/13/2010,-0.06781442495442139
1679,8/12/2010,0.3590491197548711
1680,8/11/2010,0.06195351076443914
1681,8/10/2010,0.45430914777105247
1682,8/9/2010,0.7161597928039821
1683,8/6/2010,-0.1565695499452715
1684,8/5/2010,0.30354260574025743
1685,8/4/2010,0.3671368946679009
1686,8/3/2010,-0.06336906447597436
1687,8/2/2010,0.5845728718597129
1688,7/30/2010,0.32558016656318145
1689,7/29/2010,0.8646568254340611
1690,7/28/2010,0.4725792712097
1691,7/27/2010,0.37881656794816476
1692,7/26/2010,0.48468618905637456
1693,7/23/2010,0.7102647005882712
1694,7/22/2010,0.3479104917552399
1695,7/21/2010,0.33444745829374534
1696,7/20/2010,0.5306610799442532
1697,7/19/2010,-0.36786783063189327
1698,7/16/2010,0.39463646258503404
1699,7/15/2010,0.3735470696968982
1700,7/14/2010,0.2635627608905716
1701,7/13/2010,0.248976337695836
1702,7/12/2010,0.13044540209287842
1703,7/9/2010,0.34037051868407575
1704,7/8/2010,0.11750370110873089
1705,7/7/2010,-0.1462191571618317
1706,7/6/2010,0.34796363689519366
1707,7/2/2010,-0.3088698537642426
1708,7/1/2010,0.14247821821021817
1709,6/30/2010,0.04313497872687498
1710,6/29/2010,-0.0809120559675056
1711,6/28/2010,-0.08055636425536608
1712,6/25/2010,0.2930138239191924
1713,6/24/2010,0.3333726043053018
1714,6/23/2010,0.13823890856995938
1715,6/22/2010,0.28947468656255876
1716,6/21/2010,0.37484621584108424
1717,6/18/2010,-0.145245447062923
1718,6/17/2010,0.2592883914116386
1719,6/16/2010,-0.23644682221661847
1720,6/15/2010,0.5098113517362869
1721,6/14/2010,0.25554440353037894
1722,6/11/2010,0.40647675971214936
1723,6/10/2010,0.5406588562702647
1724,6/9/2010,0.2818917624452512
1725,6/8/2010,-0.017028347770194477
1726,6/7/2010,0.5380174090338785
1727,6/4/2010,0.7075600050422699
1728,6/3/2010,0.7096188392855771
1729,6/2/2010,0.1276040291814998
1730,6/1/2010,0.41457921465672715
1731,5/28/2010,0.0362300308157483
1732,5/27/2010,0.352564486130687
1733,5/26/2010,0.9224569499999771
1734,5/25/2010,0.21882429431926778
1735,5/24/2010,-0.21762066142709388
1736,5/21/2010,0.6311587698322002
1737,5/20/2010,0.12612516876087462
1738,5/19/2010,-0.41665110261482513
1739,5/18/2010,0.31461575630558325
1740,5/17/2010,0.3987590555686274
1741,5/14/2010,0.4083173184640217
1742,5/13/2010,0.044308301887923965
1743,5/12/2010,0.4351513982541848
1744,5/11/2010,0.5342160625727657
1745,5/10/2010,0.3316186866855965
1746,5/7/2010,0.3456639757141841
1747,5/6/2010,0.08423614390823761
1748,5/5/2010,-0.15219124913027204
1749,5/4/2010,0.1426710105389207
1750,5/3/2010,0.588578420567683
1751,4/30/2010,0.3390342185828798
1752,4/29/2010,0.15929270116496896
1753,4/28/2010,0.3882764999226012
1754,4/27/2010,0.2695607667685215
1755,4/26/2010,0.23141352222521067
1756,4/23/2010,0.47957619508131377
1757,4/22/2010,0.2821804693051759
1758,4/21/2010,-0.022872675643808012
1759,4/20/2010,0.5735290933312583
1760,4/19/2010,0.3118383869514913
1761,4/16/2010,0.034301910660643004
1762,4/15/2010,0.8054377603306999
1763,4/14/2010,0.5790480793991358
1764,4/13/2010,0.30549238643449095
1765,4/12/2010,0.39124081721872567
1766,4/9/2010,0.10252843601773211
1767,4/8/2010,-0.00579249293540207
1768,4/7/2010,0.06194702056908486
1769,4/6/2010,0.2358181471222722
1770,4/5/2010,0.32049361617301614
1771,4/1/2010,0.2734820488700755
1772,3/31/2010,0.5431230308381173
1773,3/30/2010,-0.05352704627684264
1774,3/29/2010,0.08278240464585537
1775,3/26/2010,-0.1526107670760401
1776,3/25/2010,0.3656756643591704
1777,3/24/2010,0.21516766220124653
1778,3/23/2010,0.4949060971124975
1779,3/22/2010,0.1257473784107307
1780,3/19/2010,0.34444561086611214
1781,3/18/2010,0.5196586341865427
1782,3/17/2010,-0.01148962475298179
1783,3/16/2010,0.078347387505255
1784,3/15/2010,0.14127154184605453
1785,3/12/2010,0.3732738562426162
1786,3/11/2010,0.39557536449861985
1787,3/10/2010,-0.14103328817921593
1788,3/9/2010,0.16888564554805355
1789,3/8/2010,-0.20768530803812188
1790,3/5/2010,0.14878918676588104
1791,3/4/2010,0.2847014400949286
1792,3/3/2010,-0.24370002566923707
1793,3/2/2010,0.21258282448241692
1794,3/1/2010,0.15541086003109114
1795,2/26/2010,-0.009422239667813385
1796,2/25/2010,0.36046328441802555
1797,2/24/2010,-0.12539019311397262
1798,2/23/2010,0.2873876783668002
1799,2/22/2010,0.027770460416713563
1800,2/19/2010,0.5092630902034756
1801,2/18/2010,-0.01867757564912167
1802,2/17/2010,0.5601208177709063
1803,2/16/2010,0.1331498312823752
1804,2/12/2010,0.39741676036324647
1805,2/11/2010,0.5856747765221791
1806,2/10/2010,0.47612048820116937
1807,2/9/2010,0.45350449850912805
1808,2/8/2010,0.05777616565570737
1809,2/5/2010,0.5758572455659152
1810,2/4/2010,0.40081309203925447
1811,2/3/2010,0.1387068653581505
1812,2/2/2010,0.3133665488659561
1813,2/1/2010,0.7776542933689504
1814,1/29/2010,0.15659974729746873
1815,1/28/2010,0.19840321751445325
1816,1/27/2010,-0.132406568444258
1817,1/26/2010,0.1604883137564701
1818,1/25/2010,0.503897832953441
1819,1/22/2010,0.448979788732361
1820,1/21/2010,0.002740126784508276
1821,1/20/2010,0.6625010311748263
1822,1/19/2010,0.2908738300326573
1823,1/15/2010,-0.215489405254123
1824,1/14/2010,-0.15339009929935168
1825,1/13/2010,0.41900728682662713
1826,1/12/2010,-0.16950448702767845
1827,1/11/2010,0.12245865563677116
1828,1/8/2010,-0.09614372142208395
1829,1/7/2010,0.4004374964273463
1830,1/6/2010,0.2578352460757392
1831,1/5/2010,-0.16924285541927986
1832,1/4/2010,0.02703382731635051
1833,12/31/2009,0.47982631187805685
1834,12/30/2009,-0.405176981888562
1835,12/29/2009,-0.20410818729124497
1836,12/28/2009,-0.40207077657988005
1837,12/24/2009,0.25953180342384885
1838,12/23/2009,0.2995984848484848
1839,12/22/2009,0.15742887093267127
1840,12/21/2009,0.052030337918799
1841,12/18/2009,-0.03583524266187958
1842,12/17/2009,-0.1802860697103121
1843,12/16/2009,0.6279011749137762
1844,12/15/2009,0.5341041311602127
1845,12/14/2009,0.2623056344276297
1846,12/11/2009,0.22675899573529926
1847,12/10/2009,0.5237913434717828
1848,12/9/2009,0.335316678214776
1849,12/8/2009,0.20415918062844787
1850,12/7/2009,0.410468455663254
1851,12/4/2009,0.572626676176968
1852,12/3/2009,0.7067334254157739
1853,12/2/2009,0.05984625561712206
1854,12/1/2009,0.0800175839955544
1855,11/30/2009,0.3503318662528536
1856,11/27/2009,0.570963391208227
1857,11/25/2009,0.5671398502066115
1858,11/24/2009,0.1345242919487213
1859,11/23/2009,0.3196758435977098
1860,11/20/2009,0.35238589903362644
1861,11/19/2009,0.3693265692819531
1862,11/18/2009,0.1372367789970458
1863,11/17/2009,0.2285773934455465
1864,11/16/2009,-0.2447453585743806
1865,11/13/2009,-0.17213717114170612
1866,11/12/2009,0.0903129514310451
1867,11/11/2009,0.6497598135208901
1868,11/10/2009,0.45296059258923227
1869,11/9/2009,0.2552732766335796
1870,11/6/2009,-0.4938292500040752
1871,11/5/2009,-0.0864938417748262
1872,11/4/2009,-0.03913735492253172
1873,11/3/2009,0.46749712332048415
1874,11/2/2009,0.2006685666413413
1875,10/30/2009,-0.21478790733045694
1876,10/29/2009,-0.32661814405854495
1877,10/28/2009,0.24078104450882454
1878,10/27/2009,-0.6171802742993778
1879,10/26/2009,-0.23738840348668463
1880,10/23/2009,-0.5288819583861741
1881,10/22/2009,0.25356270469432735
1882,10/21/2009,-0.2037626645663737
1883,10/20/2009,0.022661621621769285
1884,10/19/2009,0.1081579462546933
1885,10/16/2009,0.1417956447749268
1886,10/15/2009,0.4623477684305858
1887,10/14/2009,0.6135787758986944
1888,10/13/2009,0.04684209256263132
1889,10/12/2009,0.5007135462352521
1890,10/9/2009,0.41531806211372135
1891,10/8/2009,0.049885402363711084
1892,10/7/2009,0.6516011787583319
1893,10/6/2009,0.23540367730210726
1894,10/5/2009,0.014596158224454866
1895,10/2/2009,-0.4079169804363176
1896,10/1/2009,-0.07660466781326837
1897,9/30/2009,0.10174674447429774
1898,9/29/2009,-0.13732392661591877
1899,9/28/2009,0.8929404384688371
1900,9/25/2009,0.14417960380318326
1901,9/24/2009,0.1909693779922887
1902,9/23/2009,0.38452438736499817
1903,9/22/2009,-0.09630634212236239
1904,9/21/2009,0.34667935049568427
1905,9/18/2009,0.28886151603498544
1906,9/17/2009,0.08556079609596202
1907,9/16/2009,0.11230706001859145
1908,9/15/2009,0.4907629314082552
1909,9/14/2009,0.4475611516399117
1910,9/11/2009,0.012824834617042417
1911,9/10/2009,0.40408516982035103
1912,9/9/2009,0.10191164783532318
1913,9/8/2009,0.33622005678000316
1914,9/4/2009,0.5512550405435019
1915,9/3/2009,-0.17246186163476707
1916,9/2/2009,0.36179395905210915
1917,9/1/2009,0.4369480409858928
1918,8/31/2009,0.08543618263867639
1919,8/28/2009,-0.3663648168597932
1920,8/27/2009,0.3455310590175725
1921,8/26/2009,0.4439092392925598
1922,8/25/2009,-0.17179657244520843
1923,8/24/2009,0.4961710542660547
1924,8/21/2009,-0.3085313175442167
1925,8/20/2009,0.5603643875272568
1926,8/19/2009,0.563007585561002
1927,8/18/2009,0.34413614025294015
1928,8/17/2009,-0.006420835283914566
1929,8/14/2009,0.18683473678823384
1930,8/13/2009,-0.025620867768595058
1931,8/12/2009,0.6606380994546581
1932,8/11/2009,0.31200381515775033
1933,8/10/2009,-0.06914951280481578
1934,8/7/2009,0.8132657541322313
1935,8/6/2009,-0.297948133371331
1936,8/5/2009,-0.12198670304104808
1937,8/4/2009,-0.6451916952761618
1938,8/3/2009,-0.7856607355948596
1939,7/31/2009,-0.0261943386277548
1940,7/30/2009,0.1988326078353779
1941,7/29/2009,0.8528047337278107
1942,7/28/2009,-0.47895671723860705
1943,7/27/2009,-0.39611445625082
1944,7/24/2009,-0.16743153759820417
1945,7/23/2009,0.7141652539379815
1946,7/22/2009,1.1578449148254344
1947,7/21/2009,-0.6586042175016222
1948,7/20/2009,-0.11953426238360691
1949,7/17/2009,-0.7837904200617075
1950,7/16/2009,-0.10034524053338659
1951,7/15/2009,-0.1178463299831944
1952,7/14/2009,-0.35229483219983915
1953,7/13/2009,0.2533948026668197
1954,7/10/2009,0.2503686202655059
1955,7/9/2009,-0.5471975195274857
1956,7/8/2009,0.15147877781570676
1957,7/7/2009,-0.5047255993443073
1958,7/6/2009,0.34132892759268824
1959,7/2/2009,0.09048527230345407
1960,7/1/2009,0.39051395546372814
1961,6/30/2009,-0.2544217687074829
1962,6/29/2009,-0.45810862172865013
1963,6/26/2009,0.22608633756192678
1964,6/25/2009,0.825582835674827
1965,6/24/2009,0.2285889000636474
1966,6/23/2009,-0.18996691358024698
1967,6/22/2009,-0.990049842749398
1968,6/19/2009,0.5279704362915775
1969,6/18/2009,0.014750334787266626
1970,6/17/2009,-0.31733012697867036
1971,6/16/2009,0.5479448491155048
1972,6/15/2009,-0.15869636209958338
1973,6/12/2009,-0.02056308207955488
1974,6/11/2009,-0.3453549988915215
1975,6/10/2009,0.5139984236111113
1976,6/9/2009,0.9501332977872563
1977,6/8/2009,-0.6981926325017753
1978,6/5/2009,0.3446310859054364
1979,6/4/2009,0.4115659895439658
1980,6/3/2009,0.6195558984910838
1981,6/2/2009,-0.6126405054209184
1982,6/1/2009,1.1154970760233918
1983,5/29/2009,0.08661874309877683
1984,5/28/2009,0.25520833333333337
1985,5/27/2009,-0.19712755141222327
1986,5/26/2009,-0.01689897417926387
1987,5/22/2009,-0.023776546629732206
1988,5/21/2009,-0.6651662049861495
1989,5/20/2009,0.15846378649408943
1990,5/19/2009,-0.3379663136414652
1991,5/18/2009,-0.003189296609883649
1992,5/15/2009,-0.649126191204979
1993,5/14/2009,-0.13648641999457853
1994,5/13/2009,0.22369665604794667
1995,5/12/2009,0.06781776961534533
1996,5/11/2009,0.41379867526330666
1997,5/8/2009,-0.6614170524691358
1998,5/7/2009,0.1515901306513338
1999,5/6/2009,-0.0922451934113867
2000,5/5/2009,-0.5338751406903632
2001,5/4/2009,0.8410572916666669
2002,5/1/2009,1.0392817519019442
2003,4/30/2009,0.7701920723869853
2004,4/29/2009,0.31456715919525824
2005,4/28/2009,-0.1939705755189782
2006,4/27/2009,0.38868868456301636
2007,4/24/2009,0.34690405475206615
2008,4/23/2009,0.043823964497041415
2009,4/22/2009,-0.5365709049525234
2010,4/21/2009,-0.18367682024281506
2011,4/20/2009,0.1494292544076093
2012,4/17/2009,0.04954986068876432
2013,4/16/2009,0.30814562147853397
2014,4/15/2009,-0.2718971900826446
2015,4/14/2009,0.19093727783702122
2016,4/13/2009,0.48124918011281653
2017,4/9/2009,0.5105485102694924
2018,4/8/2009,0.6310040509259258
2019,4/7/2009,0.1742209451869248
2020,4/6/2009,0.0037579666427669943
2021,4/3/2009,-0.777682577507271
2022,4/2/2009,0.19391709364542656
2023,4/1/2009,0.3071167268990929
2024,3/31/2009,0.712120661157025
2025,3/30/2009,0.9952110842447334
2026,3/27/2009,0.48050241905761376
2027,3/26/2009,0.6244818109375848
2028,3/25/2009,0.6958965765847811
2029,3/24/2009,0.09914578500423742
2030,3/23/2009,0.48871676382329776
2031,3/20/2009,0.3135069606696938
2032,3/19/2009,0.8159403377206406
2033,3/18/2009,0.02195034878085775
2034,3/17/2009,-0.34475293204301655
2035,3/16/2009,-0.144490796356023
2036,3/13/2009,-0.2199645463212834
2037,3/12/2009,0.3846366307303807
2038,3/11/2009,-0.47188211830461585
2039,3/10/2009,-0.21573731138545957
2040,3/9/2009,0.24670785325016434
2041,3/6/2009,0.10145718679268459
2042,3/5/2009,0.37580583197466316
2043,3/4/2009,0.2665991512345679
2044,3/3/2009,0.7101425854759884
2045,3/2/2009,0.6190088271604939
2046,2/27/2009,0.35704667045729044
2047,2/26/2009,-0.2188628242016121
2048,2/25/2009,0.24499815636726413
2049,2/24/2009,-0.0633620559334845
2050,2/23/2009,-0.0037660899886334943
2051,2/20/2009,0.530743661100804
2052,2/19/2009,0.4381520005044836
2053,2/18/2009,0.5019676237295911
2054,2/17/2009,-0.056050012597631566
2055,2/13/2009,0.090673581221031
2056,2/12/2009,0.030964433394918996
2057,2/11/2009,0.3960793872129449
2058,2/10/2009,0.330057684789311
2059,2/9/2009,-0.414773915570279
2060,2/6/2009,0.7902226555911619
2061,2/5/2009,0.3770077714929882
2062,2/4/2009,0.22293490407455485
2063,2/3/2009,0.5062228961598978
2064,2/2/2009,0.10571993500539568
2065,1/30/2009,-0.6461923449484243
2066,1/29/2009,0.0314639781558496
2067,1/28/2009,0.97884375
2068,1/27/2009,0.1620585375618405
2069,1/26/2009,0.0030876809622600947
2070,1/23/2009,-0.1580368657616203
2071,1/22/2009,-0.36520919067215357
2072,1/21/2009,0.3702305568309355
2073,1/20/2009,0.7395832087844993
2074,1/16/2009,-0.14734288631483763
2075,1/15/2009,-0.46582549805636553
2076,1/14/2009,0.10054262238199911
2077,1/13/2009,0.12900810096344148
2078,1/12/2009,-0.017181052771799855
2079,1/9/2009,0.47680272108843547
2080,1/8/2009,-0.10240523620038773
2081,1/7/2009,0.7151633522727272
2082,1/6/2009,-0.6440458579881657
2083,1/5/2009,-0.3011231138545954
2084,1/2/2009,0.4112991537262603
2085,12/31/2008,0.6629061057226303
2086,12/30/2008,-0.27224744923987354
2087,12/29/2008,-0.0011393568552659804
2088,12/26/2008,0.13562901744719924
2089,12/24/2008,-0.2307751519704939
2090,12/23/2008,0.4405402800409276
2091,12/22/2008,0.3135775849403122
2092,12/19/2008,0.48113509866756615
2093,12/18/2008,0.7962408015259445
2094,12/17/2008,0.5209387444746649
2095,12/16/2008,0.24619170504143573
2096,12/15/2008,0.7733774104683194
2097,12/12/2008,0.36695588470959917
2098,12/11/2008,0.10333676631809754
2099,12/10/2008,-0.7825572900724415
2100,12/9/2008,0.5918698073496492
2101,12/8/2008,-0.6423367903218494
2102,12/5/2008,0.0990489419376932
2103,12/4/2008,-0.3742832986788654
2104,12/3/2008,0.4014786234237981
2105,12/2/2008,0.2975552602011902
2106,12/1/2008,-0.5202110177793284
2107,11/28/2008,0.30502136752136755
2108,11/26/2008,0.708871358601348
2109,11/25/2008,-0.05255448215404925
2110,11/24/2008,1.0262503669971201
2111,11/21/2008,0.13016820850848856
2112,11/20/2008,0.6244184348249552
2113,11/19/2008,-0.5766050678023926
2114,11/18/2008,0.34074042663147314
2115,11/17/2008,0.040126343024370806
2116,11/14/2008,-0.32894277681351475
2117,11/13/2008,-0.23169135802469137
2118,11/12/2008,0.2020893345848206
2119,11/11/2008,-0.1717015501980536
2120,11/10/2008,-0.34949365418707284
2121,11/7/2008,-0.6092876832645926
2122,11/6/2008,0.4584443007354144
2123,11/5/2008,-0.05037441689623511
2124,11/4/2008,0.09669261999218333
2125,11/3/2008,-1.4074410854122026
2126,10/31/2008,-0.19346868145931426
2127,10/30/2008,0.49080749328535367
2128,10/29/2008,0.6629687784502301
2129,10/28/2008,0.4874607997766667
2130,10/27/2008,-0.3532182621671258
2131,10/24/2008,0.7299255178043057
2132,10/23/2008,-0.17766873278236908
2133,10/22/2008,-0.35550578439104547
2134,10/21/2008,0.04245585243855706
2135,10/20/2008,-0.4850972222222222
2136,10/17/2008,0.12555762016740848
2137,10/16/2008,-0.08623142078610892
2138,10/15/2008,-0.18494313299692228
2139,10/14/2008,0.5163173928963805
2140,10/13/2008,0.6662841868755792
2141,10/10/2008,-0.1387722953204761
2142,10/9/2008,0.40413435397678543
2143,10/8/2008,-0.1331629003099174
2144,10/7/2008,0.5722455321644528
2145,10/6/2008,1.2701305944900747
2146,10/3/2008,-0.003541551085348448
2147,10/2/2008,0.04732054280045347
2148,10/1/2008,-0.24253996364385969
2149,9/30/2008,1.1023426777847216
2150,9/29/2008,0.6038181818181818
2151,9/26/2008,-0.4268419334002855
2152,9/25/2008,-0.03338531808499339
2153,9/24/2008,-0.8588019031141869
2154,9/23/2008,0.24165926735423346
2155,9/22/2008,1.6071395775941226
2156,9/19/2008,-1.1456790123456788
2157,9/18/2008,0.41224489795918373
2158,9/17/2008,1.0438775510204081
2159,9/16/2008,0.7858126721763087
2160,9/15/2008,0.4338504267447718
2161,9/12/2008,-0.2408362361405186
2162,9/11/2008,-0.02967222708264985
2163,9/10/2008,0.7942116477272728
2164,9/9/2008,0.10722080949353675
2165,9/8/2008,-0.07407407407407404
2166,9/5/2008,0.9005061728395064
2167,9/4/2008,-0.14814814814814814
2168,9/3/2008,0.14929766785785534
2169,9/2/2008,-0.12626241873036748
2170,8/29/2008,0.46667695273052867
2171,8/28/2008,0.41933159722222224
2172,8/27/2008,0.40418388429752067
2173,8/26/2008,0.312828890601992
2174,8/25/2008,0.5927122222222223
2175,8/22/2008,0.7501484910836762
2176,8/21/2008,0.7015237447859802
2177,8/20/2008,0.374877846931719
2178,8/19/2008,0.5310996397635694
2179,8/18/2008,0.5912711111111111
2180,8/15/2008,0.5050333091919852
2181,8/14/2008,0.9395488980716252
2182,8/13/2008,0.31866457624716554
2183,8/12/2008,0.5408256547256375
2184,8/11/2008,0.26556810281547233
2185,8/8/2008,0.6435071033399359
2186,8/7/2008,0.36786389413988646
2187,8/6/2008,-0.1966938775510204
2188,8/5/2008,-0.142787239602031
2189,8/4/2008,0.20763612556541858
2190,8/1/2008,-0.3024092970521542
2191,7/31/2008,0.5423916497151822
2192,7/30/2008,0.027198089884101787
2193,7/29/2008,0.4513620691177509
2194,7/28/2008,0.25507288797061534
2195,7/25/2008,0.3682321985284948
2196,7/24/2008,-0.11141465947141507
2197,7/23/2008,0.3523469404183373
2198,7/22/2008,-0.34230091954902553
2199,7/21/2008,0.08707148770316896
2200,7/18/2008,0.6451518055555556
2201,7/17/2008,1.3504875747090281
2202,7/16/2008,-0.01398533950617279
2203,7/15/2008,-0.8460816085061831
2204,7/14/2008,-0.2906721691345272
2205,7/11/2008,0.30744314049586785
2206,7/10/2008,0.2291588488082991
2207,7/9/2008,0.7857638888888887
2208,7/8/2008,-0.17771966925773508
2209,7/7/2008,-0.09007044902705105
2210,7/3/2008,1.06508770403608
2211,7/2/2008,0.327062074829932
2212,7/1/2008,-0.8782573605371903
2213,6/30/2008,-0.06102585537918874
2214,6/27/2008,0.4294265686544961
2215,6/26/2008,1.4751607156015827
2216,6/25/2008,-0.5551577689975831
2217,6/24/2008,-0.4791111111111113
2218,6/23/2008,0.06965199400196877
2219,6/20/2008,0.583302774234694
2220,6/19/2008,0.08041326997311692
2221,6/18/2008,0.4388117283950618
2222,6/17/2008,0.6668323563777393
2223,6/16/2008,0.5743320939485008
2224,6/13/2008,1.5880589744877665
2225,6/12/2008,0.441426855651964
2226,6/11/2008,0.5505514355662245
2227,6/10/2008,1.1630280243261015
2228,6/9/2008,0.30290817449122304
2229,6/6/2008,-0.005240136501853974
2230,6/5/2008,0.5725917104547157
2231,6/4/2008,0.47556123456790106
2232,6/3/2008,-0.15826876721763086
2233,6/2/2008,0.28734567901234576
2234,5/30/2008,0.3287474078896605
2235,5/29/2008,-0.03222584355421473
2236,5/28/2008,-0.1997128882053911
2237,5/27/2008,-0.3465000038155415
2238,5/23/2008,0.6622931142230385
2239,5/22/2008,-0.5201365349463887
2240,5/21/2008,0.033410863915125245
2241,5/20/2008,0.4243567737376913
2242,5/19/2008,0.33906466871210467
2243,5/16/2008,0.6683396564285531
2244,5/15/2008,1.3293597212041721
2245,5/14/2008,0.3016
2246,5/13/2008,0.49167857142857135
2247,5/12/2008,0.10113562532909051
2248,5/9/2008,-0.966883771822583
2249,5/8/2008,-0.17899593431122449
2250,5/7/2008,0.6459651056014691
2251,5/6/2008,-0.3461334413241881
2252,5/5/2008,-0.2733638016528926
2253,5/2/2008,0.9105440340909092
2254,5/1/2008,0.1212263374485597
2255,4/30/2008,0.2687708333333334
2256,4/29/2008,-0.8192708333333333
2257,4/28/2008,0.8401543261932873
2258,4/25/2008,0.9374693877551021
2259,4/24/2008,-0.6431014692378328
2260,4/23/2008,-0.1666666666666666
2261,4/22/2008,0.21132369614512478
2262,4/21/2008,0.25951121189216414
2263,4/18/2008,0.3251111111111111
2264,4/17/2008,-0.8502290712203249
2265,4/16/2008,0.16796875
2266,4/15/2008,-0.49586776859504134
2267,4/14/2008,-0.7793362922150802
2268,4/11/2008,-0.6839843750000001
2269,4/10/2008,0.5854031221303947
2270,4/9/2008,1.4259259259259258
2271,4/8/2008,0.0
2272,4/7/2008,0.0
2273,4/4/2008,-0.9375000000000001
2274,4/3/2008,-0.0
2275,4/2/2008,0.0
2276,4/1/2008,0.0
2277,3/31/2008,0.0
2278,3/28/2008,0.0
2279,3/27/2008,0.0
2280,3/26/2008,-0.10022574227119682
2281,3/25/2008,0.11944444444444444
2282,3/24/2008,0.0
2283,3/20/2008,-1.40625
2284,3/19/2008,0.0
2285,3/18/2008,0.0
2286,3/17/2008,0.0
2287,3/14/2008,0.0
2288,3/13/2008,0.0
2289,3/12/2008,0.0
2290,3/11/2008,0.0
2291,3/10/2008,0.0
2292,3/7/2008,0.0
2293,3/6/2008,0.0
2294,3/5/2008,0.0
2295,3/4/2008,0.0
2296,3/3/2008,0.0
2297,2/29/2008,0.0
2298,2/28/2008,0.0
2299,2/27/2008,0.0
2300,2/26/2008,0.0
2301,2/25/2008,0.0
2302,2/22/2008,0.0
2303,2/21/2008,0.0
2304,2/20/2008,0.0
2305,2/19/2008,0.0
2306,2/15/2008,0.0
2307,2/14/2008,0.0
2308,2/13/2008,0.0
2309,2/12/2008,0.0
2310,2/11/2008,0.0
2311,2/8/2008,0.0
2312,2/7/2008,0.0
2313,2/6/2008,0.0
2314,2/5/2008,0.0
2315,2/4/2008,0.0
2316,2/1/2008,0.0
2317,1/31/2008,0.0
2318,1/30/2008,0.0
2319,1/29/2008,0.0
2320,1/28/2008,0.0
2321,1/25/2008,0.0
2322,1/24/2008,0.0
2323,1/23/2008,0.0
2324,1/22/2008,0.0
2325,1/18/2008,0.0
2326,1/17/2008,0.0
2327,1/16/2008,0.0
2328,1/15/2008,0.0
2329,1/14/2008,0.0
2330,1/11/2008,0.0
2331,1/10/2008,0.0
2332,1/9/2008,0.0
2333,1/8/2008,0.0
2334,1/7/2008,0.0
2335,1/4/2008,0.0
2336,1/3/2008,0.0
2337,1/2/2008,0.0
2338,12/31/2007,0.0
2339,12/28/2007,0.0
2340,12/27/2007,0.0
2341,12/26/2007,0.0
2342,12/24/2007,0.0
2343,12/21/2007,0.0
2344,12/20/2007,0.0
2345,12/19/2007,0.0
2346,12/18/2007,0.0
2347,12/17/2007,0.0
2348,12/14/2007,0.0
2349,12/13/2007,0.0
2350,12/12/2007,0.0
2351,12/11/2007,0.0
2352,12/10/2007,0.0
2353,12/7/2007,0.0
2354,12/6/2007,0.0
2355,12/5/2007,0.0
2356,12/4/2007,0.0
2357,12/3/2007,0.0
2358,11/30/2007,0.0
2359,11/29/2007,0.0
2360,11/28/2007,0.0
2361,11/27/2007,0.0
2362,11/26/2007,0.0
2363,11/23/2007,0.0
2364,11/21/2007,0.0
2365,11/20/2007,0.0
2366,11/19/2007,0.0
2367,11/16/2007,0.0
2368,11/15/2007,0.0
2369,11/14/2007,0.0
2370,11/13/2007,0.0
2371,11/12/2007,0.0
2372,11/9/2007,0.0
2373,11/8/2007,0.0
2374,11/7/2007,0.0
2375,11/6/2007,0.0
2376,11/5/2007,0.0
2377,11/2/2007,0.0
2378,11/1/2007,0.0
2379,10/31/2007,0.0
2380,10/30/2007,0.0
2381,10/29/2007,0.0
2382,10/26/2007,0.0
2383,10/25/2007,0.0
2384,10/24/2007,0.0
2385,10/23/2007,0.0
2386,10/22/2007,0.0
2387,10/19/2007,0.0
2388,10/18/2007,0.0
2389,10/17/2007,0.0
2390,10/16/2007,0.0
2391,10/15/2007,0.0
2392,10/12/2007,0.0
2393,10/11/2007,0.0
2394,10/10/2007,0.0
2395,10/9/2007,0.0
2396,10/8/2007,0.0
2397,10/5/2007,0.0
2398,10/4/2007,0.0
2399,10/3/2007,0.0
2400,10/2/2007,0.0
2401,10/1/2007,0.0
2402,9/28/2007,0.0
2403,9/27/2007,0.0
2404,9/26/2007,0.0
2405,9/25/2007,0.0
2406,9/24/2007,0.0
2407,9/21/2007,0.0
2408,9/20/2007,0.0
2409,9/19/2007,0.0
2410,9/18/2007,0.0
2411,9/17/2007,0.0
2412,9/14/2007,0.0
2413,9/13/2007,0.0
2414,9/12/2007,0.0
2415,9/11/2007,0.0
2416,9/10/2007,0.0
2417,9/7/2007,0.0
2418,9/6/2007,0.0
2419,9/5/2007,0.0
2420,9/4/2007,0.0
2421,8/31/2007,0.0
2422,8/30/2007,0.0
2423,8/29/2007,0.0
2424,8/28/2007,0.0
2425,8/27/2007,0.0
2426,8/24/2007,0.0
2427,8/23/2007,0.0
2428,8/22/2007,0.0
2429,8/21/2007,0.0
2430,8/20/2007,0.0
2431,8/17/2007,0.0
2432,8/16/2007,0.0
2433,8/15/2007,0.0
2434,8/14/2007,0.0
2435,8/13/2007,0.0
2436,8/10/2007,0.0
2437,8/9/2007,0.0
2438,8/8/2007,0.0
2439,8/7/2007,0.0
2440,8/6/2007,0.0
2441,8/3/2007,0.0
2442,8/2/2007,0.0
2443,8/1/2007,0.0
2444,7/31/2007,0.0
2445,7/30/2007,0.0
2446,7/27/2007,0.0
2447,7/26/2007,0.0
2448,7/25/2007,0.0
2449,7/24/2007,0.0
2450,7/23/2007,0.0
2451,7/20/2007,0.0
2452,7/19/2007,0.0
2453,7/18/2007,0.0
2454,7/17/2007,0.0
2455,7/16/2007,0.0
2456,7/13/2007,0.0
2457,7/12/2007,0.0
2458,7/11/2007,0.0
2459,7/10/2007,0.0
2460,7/9/2007,0.0
